Continent,Region,BU,Site,Site-Store,Default Bin,APN,Part Class,Part Description,Part Criticality,Price per Unit,Inventory Units,UOM,Min Level,Max Level,Inventory Status,Total Inventory Units Above Max,Inventory Value ($),#Parts installed,#Equipments,Min Equipment Criticality,Preferred Supplier Name,Preferred Supplier Reference,Preferred Manufacturer,Preferred Manufacturer Part Number
,CALIFORNIA,,SITE_A,SITE_A-MAIN,A01-B-03,3040717,PULLEY,PULLEY,02 MED,1285.75,3,EA,1,2,Above Max,1,3857.25,0,0,0,,,,
,CALIFORNIA,,SITE_A,SITE_A-MAIN,A01-C-06,3286289,PULLEY,PULLEY,01 HIGH,364,3,EA,1,2,Above Max,1,1092,0,0,0,,,,
,CALIFORNIA,,SITE_A,SITE_A-MAIN,A01-C-09,3012848,PEDAL,PEDAL,03 LOW,8.1,30,EA,2,3,Above Max,27,243,0,0,0,,,,
,CALIFORNIA,,SITE_A,SITE_A-MAIN,A01-C-10,3012851,WHEEL,WHEEL,03 LOW,11.01,17,EA,2,3,Above Max,14,187.17,0,0,0,,,,
,CALIFORNIA,,SITE_A,SITE_A-MAIN,A01-D-01,1068301,FILTER,FILTER,02 MED,2946.26,3,EA,1,2,Above Max,1,8838.78,0,0,0,,,,
,CALIFORNIA,,SITE_A,SITE_A-MAIN,A01-D-02,1059954,CABLE,CABLE,02 MED,58.0875,4,EA,1,2,Above Max,2,232.35,0,0,0,,,,
,CALIFORNIA,,SITE_A,SITE_A-MAIN,A01-F-02,1059967,ROLLER,ROLLER,02 MED,35.77,4,EA,1,3,Above Max,1,143.08,0,0,0,,,,
,CALIFORNIA,,SITE_A,SITE_A-MAIN,A02-B-01,41814Z,ROLLER,ROLLER,02 MED,204.204445,3,EA,1,2,Above Max,1,612.613335,0,0,0,,,,
,CALIFORNIA,,SITE_A,SITE_A-MAIN,A02-B-02,1060002,ROLLER,ROLLER,02 MED,116.78,4,EA,2,3,Above Max,1,467.12,0,0,0,,,,
,CALIFORNIA,,SITE_A,SITE_A-MAIN,A02-B-04,41804Z,ROLLER,ROLLER,03 LOW,81.01,4,EA,1,3,Above Max,1,324.04,0,0,0,,,,
,CALIFORNIA,,SITE_A,SITE_A-MAIN,A02-B-05,19952,ROLLER,ROLLER,02 MED,26.24,4,EA,1,2,Above Max,2,104.96,0,0,0,,,,
,CALIFORNIA,,SITE_A,SITE_A-MAIN,A02-B-06,11146,GEARMTR,GEARMTR,01 HIGH,421.36,4,EA,1,2,Above Max,2,1685.44,0,0,0,,,,
,CALIFORNIA,,SITE_A,SITE_A-MAIN,A02-B-08,3246521,LIGHT,LIGHT,02 MED,277.435,5,EA,2,3,Above Max,2,1387.175,204,102,2,,,,
,CALIFORNIA,,SITE_A,SITE_A-MAIN,A02-B-09,41846Z,ROLLER,ROLLER,02 MED,30.21,4,EA,2,3,Above Max,1,120.84,0,0,0,,,,
,CALIFORNIA,,SITE_A,SITE_A-MAIN,A02-B-12,1068273,ROLLER,ROLLER,03 LOW,60.491333,3,EA,1,2,Above Max,1,181.473999,0,0,0,,,,
,CALIFORNIA,,SITE_A,SITE_A-MAIN,A02-C-01,1059995,ROLLER,ROLLER,02 MED,33.92,6,EA,2,3,Above Max,3,203.52,0,0,0,,,,
,CALIFORNIA,,SITE_A,SITE_A-MAIN,A02-C-02,1059996,ROLLER,ROLLER,02 MED,33.79,4,EA,2,3,Above Max,1,135.16,0,0,0,,,,
,CALIFORNIA,,SITE_A,SITE_A-MAIN,A02-C-03,1060001,ROLLER,ROLLER,02 MED,36.02,4,EA,1,3,Above Max,1,144.08,0,0,0,,,,
,CALIFORNIA,,SITE_A,SITE_A-MAIN,A02-C-04,1059999,ROLLER,ROLLER,02 MED,32.89,4,EA,1,3,Above Max,1,131.56,0,0,0,,,,
,CALIFORNIA,,SITE_A,SITE_A-MAIN,A02-C-05,1059985,ROLLER,ROLLER,02 MED,36.13,4,EA,1,3,Above Max,1,144.52,0,0,0,,,,
,CALIFORNIA,,SITE_A,SITE_A-MAIN,A02-C-06,1059997,ROLLER,ROLLER,02 MED,33.58,4,EA,1,3,Above Max,1,134.32,0,0,0,,,,
,CALIFORNIA,,SITE_A,SITE_A-MAIN,A02-C-07,1059975,ROLLER,ROLLER,02 MED,30.15,4,EA,1,3,Above Max,1,120.6,0,0,0,,,,
,CALIFORNIA,,SITE_A,SITE_A-MAIN,A02-C-08,1060000,ROLLER,ROLLER,02 MED,32.93,4,EA,1,3,Above Max,1,131.72,0,0,0,,,,
,CALIFORNIA,,SITE_A,SITE_A-MAIN,A02-C-09,1059983,ROLLER,ROLLER,02 MED,36.7,4,EA,1,3,Above Max,1,146.8,0,0,0,,,,
,CALIFORNIA,,SITE_A,SITE_A-MAIN,A02-C-10,1059987,ROLLER,ROLLER,02 MED,35.67,4,EA,1,3,Above Max,1,142.68,0,0,0,,,,
,CALIFORNIA,,SITE_A,SITE_A-MAIN,A02-C-11,1059978,ROLLER,ROLLER,02 MED,37.63,4,EA,1,3,Above Max,1,150.52,0,0,0,,,,
,CALIFORNIA,,SITE_A,SITE_A-MAIN,A02-C-12,1059969,ROLLER,ROLLER,02 MED,44.715,4,EA,1,2,Above Max,2,178.86,0,0,0,,,,
,CALIFORNIA,,SITE_A,SITE_A-MAIN,A02-C-13,N35120Z,ROLLER,ROLLER,02 MED,25.245,4,EA,1,2,Above Max,2,100.98,0,0,0,,,,
,CALIFORNIA,,SITE_A,SITE_A-MAIN,A02-C-15,1059968,ROLLER,ROLLER,01 HIGH,52.8725,5,EA,2,3,Above Max,2,264.3625,0,0,0,,,,
,CALIFORNIA,,SITE_A,SITE_A-MAIN,A02-C-16,1059965,ROLLER,ROLLER,02 MED,37.3,6,EA,1,3,Above Max,3,223.8,0,0,0,,,,
,CALIFORNIA,,SITE_A,SITE_A-MAIN,A02-C-17,1059973,ROLLER,ROLLER,02 MED,32.68,4,EA,2,3,Above Max,1,130.72,0,0,0,,,,
,CALIFORNIA,,SITE_A,SITE_A-MAIN,A02-C-18,1059966,ROLLER,ROLLER,02 MED,32.23,6,EA,1,3,Above Max,3,193.38,0,0,0,,,,
,CALIFORNIA,,SITE_A,SITE_A-MAIN,A02-D-01,41803Z,ROLLER,ROLLER,02 MED,52.45,4,EA,2,3,Above Max,1,209.8,0,0,0,,,,
,CALIFORNIA,,SITE_A,SITE_A-MAIN,A02-D-02,1059993,ROLLER,ROLLER,02 MED,34.31,4,EA,2,3,Above Max,1,137.24,0,0,0,,,,
,CALIFORNIA,,SITE_A,SITE_A-MAIN,A02-D-03,1059976,ROLLER,ROLLER,02 MED,43.3075,5,EA,2,3,Above Max,2,216.5375,0,0,0,,,,
,CALIFORNIA,,SITE_A,SITE_A-MAIN,A02-D-04,1059980,ROLLER,ROLLER,02 MED,37.28,4,EA,1,3,Above Max,1,149.12,0,0,0,,,,
,CALIFORNIA,,SITE_A,SITE_A-MAIN,A02-D-05,1059994,ROLLER,ROLLER,02 MED,34.19,4,EA,1,3,Above Max,1,136.76,0,0,0,,,,
,CALIFORNIA,,SITE_A,SITE_A-MAIN,A02-D-06,1059998,ROLLER,ROLLER,02 MED,33.31,4,EA,2,3,Above Max,1,133.24,0,0,0,,,,
,CALIFORNIA,,SITE_A,SITE_A-MAIN,A02-D-07,1059988,ROLLER,ROLLER,02 MED,47.1,4,EA,2,3,Above Max,1,188.4,0,0,0,,,,
,CALIFORNIA,,SITE_A,SITE_A-MAIN,A02-D-08,1059992,ROLLER,ROLLER,02 MED,34.61,4,EA,1,3,Above Max,1,138.44,0,0,0,,,,
,CALIFORNIA,,SITE_A,SITE_A-MAIN,A02-D-09,1059989,ROLLER,ROLLER,02 MED,35.13,4,EA,2,3,Above Max,1,140.52,0,0,0,,,,
,CALIFORNIA,,SITE_A,SITE_A-MAIN,A02-D-10,1059991,ROLLER,ROLLER,02 MED,34.86,4,EA,1,3,Above Max,1,139.44,0,0,0,,,,
,CALIFORNIA,,SITE_A,SITE_A-MAIN,A02-D-11,41420,ROLLER,ROLLER,03 LOW,38.39,4,EA,1,2,Above Max,2,153.56,0,0,0,,,,
,CALIFORNIA,,SITE_A,SITE_A-MAIN,A02-D-12,1059977,ROLLER,ROLLER,02 MED,37.61,4,EA,1,3,Above Max,1,150.44,0,0,0,,,,
,CALIFORNIA,,SITE_A,SITE_A-MAIN,A02-D-16,1059990,ROLLER,ROLLER,02 MED,34.96,4,EA,2,3,Above Max,1,139.84,0,0,0,,,,
,CALIFORNIA,,SITE_A,SITE_A-MAIN,A02-D-17,1059984,ROLLER,ROLLER,02 MED,36.25,4,EA,1,3,Above Max,1,145,0,0,0,,,,
,CALIFORNIA,,SITE_A,SITE_A-MAIN,A02-D-18,1059982,ROLLER,ROLLER,02 MED,36.91,4,EA,1,3,Above Max,1,147.64,0,0,0,,,,
,CALIFORNIA,,SITE_A,SITE_A-MAIN,A03-C-01,N38806,CABLE,CABLE,03 LOW,55.3,8,EA,1,3,Above Max,5,442.4,0,0,0,,,,
,CALIFORNIA,,SITE_A,SITE_A-MAIN,A03-D-02,1112395,WIRE,WIRE,01 HIGH,36.64,3,EA,1,2,Above Max,1,109.92,102,102,2,,,,
,CALIFORNIA,,SITE_A,SITE_A-MAIN,A03-D-03,38048,CABLE,CABLE,03 LOW,40.555,4,EA,1,2,Above Max,2,162.22,0,0,0,,,,
,CALIFORNIA,,SITE_A,SITE_A-MAIN,A03-F-01,3241826,CABLE,CABLE,01 HIGH,528,3,EA,1,2,Above Max,1,1584,0,0,0,,,,
,CALIFORNIA,,SITE_A,SITE_A-MAIN,A03-F-03,10048982,CABLE,CABLE,02 MED,332.4643,3,EA,1,2,Above Max,1,997.3929,3,3,1,,,,
,CALIFORNIA,,SITE_A,SITE_A-MAIN,A03-H-03,10049025,CABLE,CABLE,01 HIGH,181.920933,3,EA,1,2,Above Max,1,545.762799,3,3,1,,,,
,CALIFORNIA,,SITE_A,SITE_A-MAIN,A03-H-03,3041554,CORD,CORD,01 HIGH,57.14,3,EA,1,2,Above Max,1,171.42,102,102,2,,,,
,CALIFORNIA,,SITE_A,SITE_A-MAIN,A03-K-01,1064144,BELT,BELT,02 MED,24.34,5,EA,1,4,Above Max,1,121.7,0,0,0,,,,
,CALIFORNIA,,SITE_A,SITE_A-MAIN,A04-A-02B,3040716,SOCKET,SOCKET,02 MED,85.88,3,EA,1,2,Above Max,1,257.64,0,0,0,,,,
,CALIFORNIA,,SITE_A,SITE_A-MAIN,A04-A-02C,3128171,BOLT,BOLT,03 LOW,0.142571,14,EA,2,3,Above Max,11,1.995994,0,0,0,,,,
,CALIFORNIA,,SITE_A,SITE_A-MAIN,A04-A-03,73755,BUTTON,BUTTON,02 MED,18.766667,3,EA,1,2,Above Max,1,56.300001,102,102,2,,,,
,CALIFORNIA,,SITE_A,SITE_A-MAIN,A04-A-03A,3040715,CABLE,CABLE,02 MED,193.511433,3,EA,1,2,Above Max,1,580.534299,0,0,0,,,,
,CALIFORNIA,,SITE_A,SITE_A-MAIN,A04-A-05C,3040723,BUTTON,BUTTON,02 MED,7.3,3,EA,1,2,Above Max,1,21.9,0,0,0,,,,
,CALIFORNIA,,SITE_A,SITE_A-MAIN,A04-A-06C,3040727,LIGHT,LIGHT,02 MED,18.56,3,EA,1,2,Above Max,1,55.68,0,0,0,,,,
,CALIFORNIA,,SITE_A,SITE_A-MAIN,A04-B-02A,41372,RELAY,RELAY,02 MED,23.93,3,EA,1,2,Above Max,1,71.79,0,0,0,,,,
,CALIFORNIA,,SITE_A,SITE_A-MAIN,A04-B-06A,10049048,CABLE,CABLE,02 MED,154.324575,3,EA,1,2,Above Max,1,462.973725,3,3,1,,,,
,CALIFORNIA,,SITE_A,SITE_A-MAIN,A04-C-02B,1004727,BELT,BELT,02 MED,9.71,10,EA,1,2,Above Max,8,97.1,0,0,0,,,,
,CALIFORNIA,,SITE_A,SITE_A-MAIN,A04-C-03B,116945,REFLECTR,REFLECTR,01 HIGH,54.16,11,EA,2,5,Above Max,6,595.76,3,3,1,,,,
,CALIFORNIA,,SITE_A,SITE_A-MAIN,A04-C-04B,3067701,HOOK,HOOK,02 MED,62.13,9,EA,1,2,Above Max,7,559.17,0,0,0,,,,
,CALIFORNIA,,SITE_A,SITE_A-MAIN,A04-C-06A,3266571,LIGHT,LIGHT,02 MED,43.696667,11,EA,1,3,Above Max,8,480.663337,102,102,2,,,,
,CALIFORNIA,,SITE_A,SITE_A-MAIN,A04-C-06B,3241971,SPLITTER,SPLITTER,02 MED,80.885714,4,EA,1,2,Above Max,2,323.542856,0,0,0,,,,
,CALIFORNIA,,SITE_A,SITE_A-MAIN,A04-D-02A,3249169,BEARING,BEARING,02 MED,87.77,2,EA,0,1,Above Max,1,175.54,204,102,2,,,,
,CALIFORNIA,,SITE_A,SITE_A-MAIN,A04-E-05B,83424Z,CRCTBRKR,CRCTBRKR,02 MED,267.8,3,EA,1,2,Above Max,1,803.4,0,0,0,,,,
,CALIFORNIA,,SITE_A,SITE_A-MAIN,A04-F-01B,3128160,PULLEY,PULLEY,02 MED,34.43,3,EA,1,2,Above Max,1,103.29,0,0,0,,,,
,CALIFORNIA,,SITE_A,SITE_A-MAIN,A04-F-04A,1117682,LIGHT,LIGHT,02 MED,69.165,3,EA,1,2,Above Max,1,207.495,0,0,0,,,,
,CALIFORNIA,,SITE_A,SITE_A-MAIN,A04-F-05B,1111160,SENSOR,SENSOR,02 MED,836.605,3,EA,1,2,Above Max,1,2509.815,0,0,0,,,,
,CALIFORNIA,,SITE_A,SITE_A-MAIN,A04-G-01A,3040653,PULLEY,PULLEY,02 MED,132.86,3,EA,1,2,Above Max,1,398.58,0,0,0,,,,
,CALIFORNIA,,SITE_A,SITE_A-MAIN,A04-G-04,79353Z,VALVE,VALVE,02 MED,72.99,20,EA,1,3,Above Max,17,1459.8,0,0,0,,,,
,CALIFORNIA,,SITE_A,SITE_A-MAIN,A04-G-06A,43201,BUTTON,BUTTON,03 LOW,109.634286,6,EA,2,3,Above Max,3,657.805716,0,0,0,,,,
,CALIFORNIA,,SITE_A,SITE_A-MAIN,A04-G-06C,1003064Z,RELAY,RELAY,03 LOW,32.17,22,EA,1,3,Above Max,19,707.74,0,0,0,,,,
,CALIFORNIA,,SITE_A,SITE_A-MAIN,A04-H-02C,19745,CRCTBRKR,CRCTBRKR,03 LOW,26.59,4,EA,1,3,Above Max,1,106.36,0,0,0,,,,
,CALIFORNIA,,SITE_A,SITE_A-MAIN,A04-H-03A,19743,KIT,KIT,03 LOW,11.18,5,EA,1,3,Above Max,2,55.9,0,0,0,,,,
,CALIFORNIA,,SITE_A,SITE_A-MAIN,A04-H-03B,1004588,FUSE,FUSE,02 MED,47,3,EA,1,2,Above Max,1,141,0,0,0,,,,
,CALIFORNIA,,SITE_A,SITE_A-MAIN,A04-H-04A,23016,RECEPT,RECEPT,02 MED,56.94,4,EA,1,2,Above Max,2,227.76,0,0,0,,,,
,CALIFORNIA,,SITE_A,SITE_A-MAIN,A04-H-04C,13494,FUSE,FUSE,03 LOW,7.62,6,BG,1,3,Above Max,3,45.72,0,0,0,,,,
,CALIFORNIA,,SITE_A,SITE_A-MAIN,A04-H-05A,19744,CRCTBRKR,CRCTBRKR,02 MED,12.198,9,EA,1,3,Above Max,6,109.782,0,0,0,,,,
,CALIFORNIA,,SITE_A,SITE_A-MAIN,A04-H-05B,13490,FUSE,FUSE,03 LOW,6.933076,13,EA,1,3,Above Max,10,90.129988,0,0,0,,,,
,CALIFORNIA,,SITE_A,SITE_A-MAIN,A04-I-02A,1070399,BOARD,BOARD,02 MED,291,3,EA,1,2,Above Max,1,873,0,0,0,,,,
,CALIFORNIA,,SITE_A,SITE_A-MAIN,A04-I-03A,44274,PLC,PLC,02 MED,193.43,3,EA,1,2,Above Max,1,580.29,0,0,0,,,,
,CALIFORNIA,,SITE_A,SITE_A-MAIN,A04-I-04A,1059957,BEACON,BEACON,02 MED,67.8,4,EA,1,3,Above Max,1,271.2,0,0,0,,,,
,CALIFORNIA,,SITE_A,SITE_A-MAIN,A04-I-06A,79725Z,PULLEY,PULLEY,02 MED,240.53,5,EA,2,3,Above Max,2,1202.65,0,0,0,,,,
,CALIFORNIA,,SITE_A,SITE_A-MAIN,A04-J-01B,94146,ELEC,ELEC,02 MED,73.57,3,EA,1,2,Above Max,1,220.71,0,0,0,,,,
,CALIFORNIA,,SITE_A,SITE_A-MAIN,A04-J-02B,3022098,REFLECTR,REFLECTR,02 MED,54.16,3,EA,1,2,Above Max,1,162.48,0,0,0,,,,
,CALIFORNIA,,SITE_A,SITE_A-MAIN,A04-K-01B,1119639,SPROCKET,SPROCKET,02 MED,402.75,6,EA,1,3,Above Max,3,2416.5,0,0,0,,,,
,CALIFORNIA,,SITE_A,SITE_A-MAIN,A04-K-04A,38325,FILLER,FILLER,02 MED,76.9,4,EA,1,2,Above Max,2,307.6,0,0,0,,,,
,CALIFORNIA,,SITE_A,SITE_A-MAIN,A04-L-01A,43199,ENCLSRE,ENCLSRE,02 MED,3.98,5,EA,1,3,Above Max,2,19.9,0,0,0,,,,
,CALIFORNIA,,SITE_A,SITE_A-MAIN,A04-L06B,3040731,BEARING,BEARING,01 HIGH,21.429,5,EA,2,4,Above Max,1,107.145,0,0,0,,,,
,CALIFORNIA,,SITE_A,SITE_A-MAIN,A05-B-07,1115746,ROLLER,ROLLER,02 MED,96.246667,3,EA,1,2,Above Max,1,288.740001,102,102,2,,,,
,CALIFORNIA,,SITE_A,SITE_A-MAIN,A05-B-09,3012849,WHEEL,WHEEL,03 LOW,10.66,200,EA,2,3,Above Max,197,2132,0,0,0,,,,
,CALIFORNIA,,SITE_A,SITE_A-MAIN,A06-B-09,3056965,ROLLER,ROLLER,02 MED,26.793333,3,EA,1,2,Above Max,1,80.379999,0,0,0,,,,
,CALIFORNIA,,SITE_A,SITE_A-MAIN,A06-B-17,3040664,ROLLER,ROLLER,02 MED,126.17,5,EA,2,3,Above Max,2,630.85,0,0,0,,,,
,CALIFORNIA,,SITE_A,SITE_A-MAIN,A06-B-18,3040688,ROLLER,ROLLER,02 MED,34.38,5,EA,2,3,Above Max,2,171.9,0,0,0,,,,
,CALIFORNIA,,SITE_A,SITE_A-MAIN,A06-C-04,3040712,GEARMTR,GEARMTR,02 MED,2455.73,5,EA,1,2,Above Max,3,12278.65,0,0,0,,,,
,CALIFORNIA,,SITE_A,SITE_A-MAIN,A06-C-16,3056946,ROLLER,ROLLER,02 MED,52.68,10,EA,1,2,Above Max,8,526.8,0,0,0,,,,
,CALIFORNIA,,SITE_A,SITE_A-MAIN,A06-D-01,3056955,ROLLER,ROLLER,02 MED,34.94,3,EA,1,2,Above Max,1,104.82,0,0,0,,,,
,CALIFORNIA,,SITE_A,SITE_A-MAIN,A06-D-06,3040662,ROLLER,ROLLER,02 MED,125.23,5,EA,2,3,Above Max,2,626.15,0,0,0,,,,
,CALIFORNIA,,SITE_A,SITE_A-MAIN,A06-D-10,3249172,GUIDE,GUIDE,02 MED,86.77,3,EA,1,2,Above Max,1,260.31,102,102,2,,,,
,CALIFORNIA,,SITE_A,SITE_A-MAIN,A06-D-13,3128167,TRACK,TRACK,02 MED,169.23,3,EA,1,2,Above Max,1,507.69,0,0,0,,,,
,CALIFORNIA,,SITE_A,SITE_A-MAIN,A06-D-16,3128178,TRACK,TRACK,02 MED,169.23,3,EA,1,2,Above Max,1,507.69,0,0,0,,,,
,CALIFORNIA,,SITE_A,SITE_A-MAIN,A07-A-02,3174641,CONTROL,CONTROL,02 MED,1544.752,5,EA,1,3,Above Max,2,7723.76,0,0,0,,,,
,CALIFORNIA,,SITE_A,SITE_A-MAIN,A07-D-03,13531,SWITCH,SWITCH,03 LOW,161.52,3,EA,1,2,Above Max,1,484.56,0,0,0,,,,
,CALIFORNIA,,SITE_A,SITE_A-MAIN,A07-E-01,1000882,MODULE,MODULE,02 MED,396.396667,3,EA,1,2,Above Max,1,1189.190001,0,0,0,,,,
,CALIFORNIA,,SITE_A,SITE_A-MAIN,A08-B-02,3001294,CASTER,CASTER,01 HIGH,42.67,4,EA,1,2,Above Max,2,170.68,0,0,0,,,,
,CALIFORNIA,,SITE_A,SITE_A-MAIN,A08-D-01,3001306,PROTECTO,PROTECTO,02 MED,55.04,4,EA,1,2,Above Max,2,220.16,0,0,0,,,,
,CALIFORNIA,,SITE_A,SITE_A-MAIN,A08-D-01,3001309,PROTECTO,PROTECTO,02 MED,48.66,4,EA,1,2,Above Max,2,194.64,0,0,0,,,,
,CALIFORNIA,,SITE_A,SITE_A-MAIN,A08-D-01,3001310,CLIP,CLIP,02 MED,1.67,20,EA,2,3,Above Max,17,33.4,0,0,0,,,,
,CALIFORNIA,,SITE_A,SITE_A-MAIN,A08-D-02,3399683,END CAP,END CAP,02 MED,1.51,4,EA,1,2,Above Max,2,6.04,0,0,0,,,,
,CALIFORNIA,,SITE_A,SITE_A-MAIN,A08-D-02,3399685,END CAP,END CAP,02 MED,1.9,6,EA,1,2,Above Max,4,11.4,0,0,0,,,,
,CALIFORNIA,,SITE_A,SITE_A-MAIN,A08-D-02,N34577Z,CAP,CAP,02 MED,1.68,12,EA,2,3,Above Max,9,20.16,0,0,0,,,,
,CALIFORNIA,,SITE_A,SITE_A-MAIN,A08-D-03,3001293,HOLDER,HOLDER,02 MED,141.2,4,EA,1,3,Above Max,1,564.8,0,0,0,,,,
,CALIFORNIA,,SITE_A,SITE_A-MAIN,A08-D-03,3001302,BUSHING,BUSHING,02 MED,3.25,4,EA,1,2,Above Max,2,13,0,0,0,,,,
,CALIFORNIA,,SITE_A,SITE_A-MAIN,A08-D-03,3001308,LABEL,LABEL,02 MED,3,12,EA,2,3,Above Max,9,36,0,0,0,,,,
,CALIFORNIA,,SITE_A,SITE_A-MAIN,A08-D-04,3001290,BRACKET,BRACKET,02 MED,36.54,6,EA,2,3,Above Max,3,219.24,0,0,0,,,,
,CALIFORNIA,,SITE_A,SITE_A-MAIN,A08-D-04,3001292,BRACKET,BRACKET,02 MED,36.54,6,EA,2,3,Above Max,3,219.24,0,0,0,,,,
,CALIFORNIA,,SITE_A,SITE_A-MAIN,A09-A-01,3128181,CABLE,CABLE,01 HIGH,609.4991,5,EA,1,3,Above Max,2,3047.4955,3,3,1,,,,
,CALIFORNIA,,SITE_A,SITE_A-MAIN,A09-D-01,1070142,LIGHT,LIGHT,02 MED,107.01,4,EA,1,3,Above Max,1,428.04,0,0,0,,,,
,CALIFORNIA,,SITE_A,SITE_A-MAIN,A09-G-03,10049047,CABLE,CABLE,02 MED,137.88665,3,EA,1,2,Above Max,1,413.65995,3,3,1,,,,
,CALIFORNIA,,SITE_B,SITE_B-MAIN,A01-A-04,71258,SPROCKET,SPROCKET,02 MED,351,4,EA,0,2,Above Max,2,1404,0,0,0,,,,
,CALIFORNIA,,SITE_B,SITE_B-MAIN,A01-A-05,N47292,BEARING,BEARING,03 LOW,180.544445,6,EA,2,4,Above Max,2,1083.26667,0,0,0,,,,
,CALIFORNIA,,SITE_B,SITE_B-MAIN,A01-A-06,1068937,ENCODER,ENCODER,02 MED,258,3,EA,0,1,Above Max,2,774,0,0,0,,,,
,CALIFORNIA,,SITE_B,SITE_B-MAIN,A01-B-06,96584,ROLLER,ROLLER,02 MED,49,7,EA,1,4,Above Max,3,343,0,0,0,,,,
,CALIFORNIA,,SITE_B,SITE_B-MAIN,A01-B-09,41900Z,ROLLER,ROLLER,02 MED,52.14,5,EA,1,2,Above Max,3,260.7,0,0,0,,,,
,CALIFORNIA,,SITE_B,SITE_B-MAIN,A01-B-11,1064422,ROLLER,ROLLER,02 MED,49,4,EA,1,3,Above Max,1,196,0,0,0,,,,
,CALIFORNIA,,SITE_B,SITE_B-MAIN,A01-B-14,86038Z,ROLLER,ROLLER,03 LOW,41.32,6,EA,3,4,Above Max,2,247.92,0,0,0,,,,
,CALIFORNIA,,SITE_B,SITE_B-MAIN,A01-B-19,73740,ROLLER,ROLLER,02 MED,36.07,3,EA,1,2,Above Max,1,108.21,0,0,0,,,,
,CALIFORNIA,,SITE_B,SITE_B-MAIN,A01-C-08,N37943,ROLLER,ROLLER,03 LOW,11.62,7,EA,3,4,Above Max,3,81.34,0,0,0,,,,
,CALIFORNIA,,SITE_B,SITE_B-MAIN,A01-C-10,1059842,ROLLER,ROLLER,03 LOW,203,6,EA,1,2,Above Max,4,1218,0,0,0,,,,
,CALIFORNIA,,SITE_B,SITE_B-MAIN,A01-C-11,86010Z,ROLLER,ROLLER,02 MED,223.2,5,EA,0,1,Above Max,4,1116,56,14,2,,,,
,CALIFORNIA,,SITE_B,SITE_B-MAIN,A01-C-12,1069771,ROLLER,ROLLER,03 LOW,111.52,15,EA,3,4,Above Max,11,1672.8,0,0,0,,,,
,CALIFORNIA,,SITE_B,SITE_B-MAIN,A01-C-14,1064426,PULLEY,PULLEY,02 MED,1170,4,EA,1,3,Above Max,1,4680,0,0,0,,,,
,CALIFORNIA,,SITE_B,SITE_B-MAIN,A01-D-05,41886Z,ROLLER,ROLLER,03 LOW,54.58,4,EA,2,3,Above Max,1,218.32,0,0,0,,,,
,CALIFORNIA,,SITE_B,SITE_B-MAIN,A01-D-10,86017Z,ROLLER,ROLLER,03 LOW,19.15,6,EA,3,4,Above Max,2,114.9,504,14,2,,,,
,CALIFORNIA,,SITE_B,SITE_B-MAIN,A01-D-11,86016Z,ROLLER,ROLLER,03 LOW,30.93,5,EA,3,4,Above Max,1,154.65,0,0,0,,,,
,CALIFORNIA,,SITE_B,SITE_B-MAIN,A01-D-16,94685,PULLEY,PULLEY,02 MED,262.5,4,EA,1,2,Above Max,2,1050,0,0,0,,,,
,CALIFORNIA,,SITE_B,SITE_B-MAIN,A01-E-02,41905Z,ROLLER,ROLLER,03 LOW,57.48,6,EA,3,4,Above Max,2,344.88,0,0,0,,,,
,CALIFORNIA,,SITE_B,SITE_B-MAIN,A01-E-05,86039Z,ROLLER,ROLLER,02 MED,48.52,5,EA,2,3,Above Max,2,242.6,0,0,0,,,,
,CALIFORNIA,,SITE_B,SITE_B-MAIN,A02-C-02,96566,PULLEY,PULLEY,02 MED,864,3,EA,1,2,Above Max,1,2592,0,0,0,,,,
,CALIFORNIA,,SITE_B,SITE_B-MAIN,A02-C-05,3012424,ROLLER,ROLLER,02 MED,760.84,3,EA,1,2,Above Max,1,2282.52,0,0,0,,,,
,CALIFORNIA,,SITE_B,SITE_B-MAIN,A03-E-08,3298155,ROLLER,ROLLER,01 HIGH,130,4,EA,1,3,Above Max,1,520,0,0,0,,,,
,CALIFORNIA,,SITE_B,SITE_B-MAIN,A04-C-01,1116857,BELT,BELT,02 MED,405,4,EA,1,2,Above Max,2,1620,0,0,0,,,,
,CALIFORNIA,,SITE_B,SITE_B-MAIN,A07-A-01,1070531,CORD,CORD,03 LOW,375.308148,5,EA,2,3,Above Max,2,1876.54074,0,0,0,,,,
,CALIFORNIA,,SITE_B,SITE_B-MAIN,A07-D-01,1060201,ASSEMBLY,ASSEMBLY,01 HIGH,547.68,3,EA,1,2,Above Max,1,1643.04,0,0,0,,,,
,CALIFORNIA,,SITE_B,SITE_B-MAIN,A07-D-03,1070806,CONTROL,CONTROL,02 MED,564,2,EA,0,1,Above Max,1,1128,0,0,0,,,,
,CALIFORNIA,,SITE_B,SITE_B-MAIN,A07-E-01,1001913,SCANNER,SCANNER,01 HIGH,4643,4,EA,0,2,Above Max,2,18572,0,0,0,,,,
,CALIFORNIA,,SITE_B,SITE_B-MAIN,A07-F-04,1072147,PWRSUPLY,PWRSUPLY,02 MED,919.82,3,1,1,2,Above Max,1,2759.46,0,0,0,,,,
,CALIFORNIA,,SITE_B,SITE_B-MAIN,A07-F-05,1003085,POWER,POWER,03 LOW,463,3,EA,1,2,Above Max,1,1389,0,0,0,,,,
,CALIFORNIA,,SITE_B,SITE_B-MAIN,A08-A-03,N24679,FUSE,FUSE,02 MED,1.57,10,EA,3,4,Above Max,6,15.7,0,0,0,,,,
,CALIFORNIA,,SITE_B,SITE_B-MAIN,A08-A-04,73744,PIN,PIN,03 LOW,1.449,10,EA,2,3,Above Max,7,14.49,0,0,0,,,,
,CALIFORNIA,,SITE_B,SITE_B-MAIN,A08-A-05,1002896,SPACER,SPACER,03 LOW,0.252,10,EA,1,2,Above Max,8,2.52,0,0,0,,,,
,CALIFORNIA,,SITE_B,SITE_B-MAIN,A08-A-06,1068670,PIN,PIN,03 LOW,9.43,6,EA,3,4,Above Max,2,56.58,0,0,0,,,,
,CALIFORNIA,,SITE_B,SITE_B-MAIN,A08-A-10,85977Z,TERMINAL,TERMINAL,03 LOW,3.34,4,EA,2,3,Above Max,1,13.36,0,0,0,,,,
,CALIFORNIA,,SITE_B,SITE_B-MAIN,A08-A-11,85975Z,TERMINAL,TERMINAL,03 LOW,1.01,4,EA,1,2,Above Max,2,4.04,0,0,0,,,,
,CALIFORNIA,,SITE_B,SITE_B-MAIN,A08-A-15,86081Z,RELAY,RELAY,02 MED,31.68,4,EA,1,2,Above Max,2,126.72,0,0,0,,,,
,CALIFORNIA,,SITE_B,SITE_B-MAIN,A08-A-22,1000863,MODULE,MODULE,03 LOW,132.5,3,EA,1,2,Above Max,1,397.5,0,0,0,,,,
,CALIFORNIA,,SITE_B,SITE_B-MAIN,A08-B-01,86040Z,CABLE,CABLE,03 LOW,58.2,5,EA,2,3,Above Max,2,291,0,0,0,,,,
,CALIFORNIA,,SITE_B,SITE_B-MAIN,A08-B-07,1059840,CABLE,CABLE,02 MED,22,4,EA,1,2,Above Max,2,88,0,0,0,,,,
,CALIFORNIA,,SITE_B,SITE_B-MAIN,A08-B-12,1059839,CARD,CARD,01 HIGH,116,18,EA,3,4,Above Max,14,2088,0,0,0,,,,
,CALIFORNIA,,SITE_B,SITE_B-MAIN,A08-B-13,41777,CABLE,CABLE,03 LOW,14.4,5,EA,3,4,Above Max,1,72,56,14,2,,,,
,CALIFORNIA,,SITE_B,SITE_B-MAIN,A08-B-15,45209,ELEC,ELEC,02 MED,39.88,6,EA,3,4,Above Max,2,239.28,0,0,0,,,,
,CALIFORNIA,,SITE_B,SITE_B-MAIN,A08-D-20,1116086,CONTROL,CONTROL,01 HIGH,767.473333,3,EA,1,2,Above Max,1,2302.419999,0,0,0,,,,
,CALIFORNIA,,SITE_B,SITE_B-MAIN,A09-A-01,76186,CONTROL,CONTROL,01 HIGH,85.63,4,EA,1,3,Above Max,1,342.52,0,0,0,,,,
,CALIFORNIA,,SITE_B,SITE_B-MAIN,A09-B-21,3249147,PLC,PLC,01 HIGH,324.47,2,1,0,1,Above Max,1,648.94,2,2,1,,,,
,CALIFORNIA,,SITE_B,SITE_B-MAIN,A09-B-34,1069732,CONTACT,CONTACT,01 HIGH,327.53,4,EA,2,3,Above Max,1,1310.12,0,0,0,,,,
,CALIFORNIA,,SITE_B,SITE_B-MAIN,A09-C-31,10049032,SENSOR,SENSOR,01 HIGH,623,3,EA,1,2,Above Max,1,1869,0,0,0,,,,
,CALIFORNIA,,SITE_B,SITE_B-MAIN,A09-F-12,65737,RELAY,RELAY,03 LOW,32,11,EA,1,3,Above Max,8,352,0,0,0,,,,
,CALIFORNIA,,SITE_B,SITE_B-MAIN,A09-G-23,N48928,BEARING,BEARING,03 LOW,0.63,10,EA,3,4,Above Max,6,6.3,0,0,0,,,,
,CALIFORNIA,,SITE_B,SITE_B-MAIN,A10-D-21,41776Z,CONTROL,CONTROL,02 MED,68,4,EA,2,3,Above Max,1,272,0,0,0,,,,
,CALIFORNIA,,SITE_B,SITE_B-MAIN,A10-D-22,86011Z,CARD,CARD,02 MED,116,7,EA,1,3,Above Max,4,812,92,23,2,,,,
,CALIFORNIA,,SITE_B,SITE_B-MAIN,A10-E-13,86029Z,PLUG,PLUG,03 LOW,30.21,5,EA,2,3,Above Max,2,151.05,0,0,0,,,,
,CALIFORNIA,,SITE_B,SITE_B-MAIN,A12-B-01,128743,CABLE,CABLE,01 HIGH,94.5,2,EA,0,1,Above Max,1,189,0,0,0,,,,
,CALIFORNIA,,SITE_B,SITE_B-MAIN,A12-C-01,1068355,CABLE,CABLE,03 LOW,110.25,3,EA,0,1,Above Max,2,330.75,0,0,0,,,,
,CALIFORNIA,,SITE_B,SITE_B-MAIN,A13-A-02,3012851,WHEEL,WHEEL,03 LOW,11.01,29,EA,8,18,Above Max,11,319.29,0,0,0,,,,
,CALIFORNIA,,SITE_B,SITE_B-MAIN,A13-A-04,3012849,WHEEL,WHEEL,03 LOW,10.66,1600,EA,6,16,Above Max,1584,17056,0,0,0,,,,
,CALIFORNIA,,SITE_B,SITE_B-MAIN,A13-A-05,3012848,PEDAL,PEDAL,03 LOW,8.1,29,EA,10,20,Above Max,9,234.9,0,0,0,,,,
,CALIFORNIA,,SITE_C,SITE_C-MAIN,A01-A-03,81601Z,WHEEL,WHEEL,03 LOW,4.41,119,EA,1,3,Above Max,116,524.79,0,0,0,,,,
,CALIFORNIA,,SITE_C,SITE_C-MAIN,A01-A-05,1112396,WIRE,WIRE,03 LOW,30.48,6,EA,1,2,Above Max,4,182.88,0,0,0,,,,
,CALIFORNIA,,SITE_C,SITE_C-MAIN,A01-B-02,86624Z,CORD,CORD,01 HIGH,42.77,7,EA,3,4,Above Max,3,299.39,0,0,0,,,,
,CALIFORNIA,,SITE_C,SITE_C-MAIN,A01-C-02,1072407,PWRSUPLY,PWRSUPLY,01 HIGH,189.571333,3,EA,1,2,Above Max,1,568.713999,0,0,0,,,,
,CALIFORNIA,,SITE_C,SITE_C-MAIN,A01-F-13,86611Z,KEYSTOCK,KEYSTOCK,02 MED,0.9775,57,EA,1,2,Above Max,55,55.7175,0,0,0,,,,
,CALIFORNIA,,SITE_C,SITE_C-MAIN,A01-F-14,86613Z,BUMPER,BUMPER,03 LOW,95.61,4,EA,1,2,Above Max,2,382.44,0,0,0,,,,
,CALIFORNIA,,SITE_C,SITE_C-MAIN,A01-G-04,85856Z,BUSHING,BUSHING,03 LOW,3.27,79,EA,1,2,Above Max,77,258.33,0,0,0,,,,
,CALIFORNIA,,SITE_C,SITE_C-MAIN,A01-G-11,1003096Z,CONTACT,CONTACT,02 MED,54.33,5,EA,1,2,Above Max,3,271.65,0,0,0,,,,
,CALIFORNIA,,SITE_C,SITE_C-MAIN,A01-G-16,41847Z,CORD,CORD,02 MED,37.35,3,EA,1,2,Above Max,1,112.05,0,0,0,,,,
,CALIFORNIA,,SITE_C,SITE_C-MAIN,A02-A-02,3067584,ROLLER,ROLLER,01 HIGH,18.18,8,EA,1,2,Above Max,6,145.44,0,0,0,,,,
,CALIFORNIA,,SITE_C,SITE_C-MAIN,A02-A-03,86552Z,ROLLER,ROLLER,01 HIGH,14.54,6,EA,1,2,Above Max,4,87.24,0,0,0,,,,
,CALIFORNIA,,SITE_C,SITE_C-MAIN,A02-A-07,3067699,WIRE,WIRE,02 MED,4.28,140,EA,3,4,Above Max,136,599.2,0,0,0,,,,
,CALIFORNIA,,SITE_C,SITE_C-MAIN,A02-A-08,3114893,LED,LED,02 MED,5.88,10,EA,1,2,Above Max,8,58.8,0,0,0,,,,
,CALIFORNIA,,SITE_C,SITE_C-MAIN,A02-B-01,41843Z,ROLLER,ROLLER,01 HIGH,12.88,21,EA,1,2,Above Max,19,270.48,0,0,0,,,,
,CALIFORNIA,,SITE_C,SITE_C-MAIN,A02-B-02,1116503,ROLLER,ROLLER,01 HIGH,19.58,10,EA,1,2,Above Max,8,195.8,0,0,0,,,,
,CALIFORNIA,,SITE_C,SITE_C-MAIN,A02-B-05,86586Z,ROLLER,ROLLER,02 MED,20.42,17,EA,1,2,Above Max,15,347.14,0,0,0,,,,
,CALIFORNIA,,SITE_C,SITE_C-MAIN,A02-B-06,41846Z,ROLLER,ROLLER,01 HIGH,28.92,5,EA,1,3,Above Max,2,144.6,0,0,0,,,,
,CALIFORNIA,,SITE_C,SITE_C-MAIN,A02-D-01,3211303,GUARD,GUARD,02 MED,11.280618,20,EA,1,2,Above Max,18,225.61236,0,0,0,,,,
,CALIFORNIA,,SITE_D,SITE_D-MAIN,A01-B-04,14382,DRIVE,DRIVE,01 HIGH,151.7707,3,EA,0,1,Above Max,2,455.3121,0,0,0,,,,
,CALIFORNIA,,SITE_D,SITE_D-MAIN,A01-C-03,1067616,BUTTON,BUTTON,01 HIGH,16.91,4,EA,2,3,Above Max,1,67.64,0,0,0,,,,
,CALIFORNIA,,SITE_D,SITE_D-MAIN,A01-C-04,48971,SWITCH,SWITCH,02 MED,122.49,2,EA,0,1,Above Max,1,244.98,0,0,0,,,,
,CALIFORNIA,,SITE_D,SITE_D-MAIN,A01-D-07,1067615,SPRING,SPRING,02 MED,64.88,4,EA,2,3,Above Max,1,259.52,0,0,0,,,,
,CALIFORNIA,,SITE_D,SITE_D-MAIN,A01-E-04,91454,BUTTON,BUTTON,03 LOW,137.43,3,EA,1,2,Above Max,1,412.29,0,0,0,,,,
,CALIFORNIA,,SITE_D,SITE_D-MAIN,A01-F-01,1068641,FILTER,FILTER,02 MED,1.44,5,EA,2,3,Above Max,2,7.2,0,0,0,,,,
,CALIFORNIA,,SITE_D,SITE_D-MAIN,A01-F-02,40981,CAP,CAP,03 LOW,3.18,10,EA,1,2,Above Max,8,31.8,0,0,0,,,,
,CALIFORNIA,,SITE_D,SITE_D-MAIN,A01-F-03,1067618,HARDWARE,HARDWARE,02 MED,115.88,4,EA,1,2,Above Max,2,463.52,0,0,0,,,,
,CALIFORNIA,,SITE_D,SITE_D-MAIN,A01-F-09,19745,CRCTBRKR,CRCTBRKR,02 MED,26.59,7,EA,1,3,Above Max,4,186.13,0,0,0,,,,
,CALIFORNIA,,SITE_D,SITE_D-MAIN,A01-F-14,23415,BAR,BAR,03 LOW,3.96,12,EA,2,3,Above Max,9,47.52,0,0,0,,,,
,CALIFORNIA,,SITE_D,SITE_D-MAIN,A01-G-03,1003064Z,RELAY,RELAY,03 LOW,29.93,4,EA,1,2,Above Max,2,119.72,0,0,0,,,,
,CALIFORNIA,,SITE_D,SITE_D-MAIN,A01-G-07,19744,CRCTBRKR,CRCTBRKR,02 MED,12.51,4,EA,1,2,Above Max,2,50.04,0,0,0,,,,
,CALIFORNIA,,SITE_D,SITE_D-MAIN,A01-G-09,85963Z,CLAMP,CLAMP,03 LOW,2.725,4,EA,2,3,Above Max,1,10.9,0,0,0,,,,
,CALIFORNIA,,SITE_D,SITE_D-MAIN,A01-G-12,23370,WASHER,WASHER,03 LOW,0.25,10,EA,2,3,Above Max,7,2.5,0,0,0,,,,
,CALIFORNIA,,SITE_D,SITE_D-MAIN,A01-G-13,13494,FUSE,FUSE,01 HIGH,10.15,6,BG,2,3,Above Max,3,60.9,0,0,0,,,,
,CALIFORNIA,,SITE_D,SITE_D-MAIN,A01-G-17,13490,FUSE,FUSE,02 MED,7.38,15,EA,1,2,Above Max,13,110.7,23,23,3,,,,
,CALIFORNIA,,SITE_D,SITE_D-MAIN,A01-G-18,1072120,SPACER,SPACER,03 LOW,0.31,10,EA,1,2,Above Max,8,3.1,0,0,0,,,,
,CALIFORNIA,,SITE_D,SITE_D-MAIN,A02-C-05,45361,BELT,BELT,02 MED,18.217191,5,EA,2,3,Above Max,2,91.085955,0,0,0,,,,
,CALIFORNIA,,SITE_D,SITE_D-MAIN,A02-C-09,1064144,BELT,BELT,02 MED,24.34,5,EA,2,3,Above Max,2,121.7,0,0,0,,,,
,CALIFORNIA,,SITE_D,SITE_D-MAIN,A02-D-05,3249158,PHOTOEYE,PHOTOEYE,02 MED,51.578252,2,EA,0,1,Above Max,1,103.156504,0,0,0,,,,
,CALIFORNIA,,SITE_D,SITE_D-MAIN,A02-D-06,3249165,MOUNT,MOUNT,02 MED,17.660653,2,EA,0,1,Above Max,1,35.321306,0,0,0,,,,
,CALIFORNIA,,SITE_D,SITE_D-MAIN,A02-D-08,3249156,RECEPT,RECEPT,03 LOW,21.51,5,EA,0,1,Above Max,4,107.55,0,0,0,,,,
,CALIFORNIA,,SITE_D,SITE_D-MAIN,A02-D-10,3249173,LATCH,LATCH,03 LOW,6.73168,3,EA,1,2,Above Max,1,20.19504,0,0,0,,,,
,CALIFORNIA,,SITE_D,SITE_D-MAIN,A02-D-12,1112395,WIRE,WIRE,02 MED,27.054416,2,EA,0,1,Above Max,1,54.108832,0,0,0,,,,
,CALIFORNIA,,SITE_D,SITE_D-MAIN,A02-D-16,3249174,MOUNT,MOUNT,02 MED,20.311981,2,EA,0,1,Above Max,1,40.623962,0,0,0,,,,
,CALIFORNIA,,SITE_D,SITE_D-MAIN,A02-E-03,3266571,LIGHT,LIGHT,02 MED,36.374008,2,EA,0,1,Above Max,1,72.748016,0,0,0,,,,
,CALIFORNIA,,SITE_D,SITE_D-MAIN,A02-G-07,3241971,SPLITTER,SPLITTER,03 LOW,60.541584,3,EA,0,1,Above Max,2,181.624752,0,0,0,,,,
,CALIFORNIA,,SITE_D,SITE_D-MAIN,A03-A-05,116945,REFLECTR,REFLECTR,01 HIGH,29.399809,7,EA,2,4,Above Max,3,205.798663,2,2,1,,,,
,CALIFORNIA,,SITE_D,SITE_D-MAIN,A03-C-07,1062320,CORD,CORD,01 HIGH,763.316861,2,EA,0,1,Above Max,1,1526.633722,0,0,0,,,,
,CALIFORNIA,,SITE_D,SITE_D-MAIN,A04-A-01,41812Z,ROLLER,ROLLER,01 HIGH,34.791968,6,EA,0,2,Above Max,4,208.751808,920,23,3,,,,
,CALIFORNIA,,SITE_D,SITE_D-MAIN,A04-B-12,3247926,ROLLER,ROLLER,01 HIGH,27.11197,6,EA,1,3,Above Max,3,162.67182,0,0,0,,,,
,CALIFORNIA,,SITE_D,SITE_D-MAIN,A04-D-18,3246521,LIGHT,LIGHT,02 MED,132.92,3,EA,1,2,Above Max,1,398.76,0,0,0,,,,
,CALIFORNIA,,SITE_D,SITE_D-MAIN,A04-E-01,N11401,ROLLER,ROLLER,03 LOW,35,4,EA,1,2,Above Max,2,140,0,0,0,,,,
,CALIFORNIA,,SITE_D,SITE_D-MAIN,A04-E-18,41803Z,ROLLER,ROLLER,01 HIGH,52.45,16,EA,3,4,Above Max,12,839.2,0,0,0,,,,
,CALIFORNIA,,SITE_D,SITE_D-MAIN,A07-C-01,N33346Z,CONDUIT,CONDUIT,01 HIGH,207.12,4,EA,1,2,Above Max,2,828.48,0,0,0,,,,
,CALIFORNIA,,SITE_E,SITE_E-MAIN,A01-H-02,3266571,LIGHT,LIGHT,02 MED,44.545,2,EA,0,1,Above Max,1,89.09,56,56,2,,,,
,CALIFORNIA,,SITE_E,SITE_E-MAIN,A01-J-01,1004306,CONTROL,CONTROL,02 MED,221.57,2,EA,0,1,Above Max,1,443.14,0,0,0,,,,
,CALIFORNIA,,SITE_E,SITE_E-MAIN,A01-N-02,1002074,FUSE,FUSE,01 HIGH,56.773334,12,EA,0,1,Above Max,11,681.280008,0,0,0,,,,
,CALIFORNIA,,SITE_E,SITE_E-MAIN,A02-A-02,3067625,CORD,CORD,02 MED,33.942857,14,EA,1,2,Above Max,12,475.199998,0,0,0,,,,
,CALIFORNIA,,SITE_E,SITE_E-MAIN,A02-D-01,1000110,HOLDER,HOLDER,01 HIGH,73.480097,4,EA,0,1,Above Max,3,293.920388,0,0,0,,,,
,CALIFORNIA,,SITE_E,SITE_E-MAIN,A02-J-02,10048977,CABLE,CABLE,01 HIGH,58.45635,2,EA,0,1,Above Max,1,116.9127,20,2,1,,,,
,CALIFORNIA,,SITE_E,SITE_E-MAIN,A03-B-01,3249147,PLC,PLC,01 HIGH,455.90475,2,1,0,1,Above Max,1,911.8095,58,58,1,,,,
,CALIFORNIA,,SITE_E,SITE_E-MAIN,A03-B-02,1125793,BREAKER,BREAKER,01 HIGH,112.437328,2,EA,0,1,Above Max,1,224.874656,2,2,1,,,,
,CALIFORNIA,,SITE_E,SITE_E-MAIN,A03-C-01,1061397,CONTROL,CONTROL,01 HIGH,77.043334,3,EA,0,1,Above Max,2,231.130002,0,0,0,,,,
,CALIFORNIA,,SITE_E,SITE_E-MAIN,A03-C-02,45361,BELT,BELT,01 HIGH,18.776222,2,EA,0,1,Above Max,1,37.552444,0,0,0,,,,
,CALIFORNIA,,SITE_E,SITE_E-MAIN,A03-F-02,3040627,BREAKER,BREAKER,01 HIGH,223.65,3,EA,0,1,Above Max,2,670.95,0,0,0,,,,
,CALIFORNIA,,SITE_E,SITE_E-MAIN,A03-H-01,3249173,LATCH,LATCH,02 MED,12.071428,11,EA,0,1,Above Max,10,132.785708,56,56,2,,,,
,CALIFORNIA,,SITE_E,SITE_E-MAIN,A03-H-02,1059861,FEEDER,FEEDER,01 HIGH,61.8,10,EA,0,1,Above Max,9,618,0,0,0,,,,
,CALIFORNIA,,SITE_E,SITE_E-MAIN,A03-I-01,3249165,MOUNT,MOUNT,02 MED,23.706667,3,EA,0,1,Above Max,2,71.120001,56,56,2,,,,
,CALIFORNIA,,SITE_E,SITE_E-MAIN,A03-J-01,N34096Z,BREAKER,BREAKER,01 HIGH,93.23,2,EA,0,1,Above Max,1,186.46,0,0,0,,,,
,CALIFORNIA,,SITE_E,SITE_E-MAIN,A03-K-02,43862,BREAKER,BREAKER,03 LOW,67.83,2,EA,0,1,Above Max,1,135.66,0,0,0,,,,
,CALIFORNIA,,SITE_E,SITE_E-MAIN,B02-A-01,1068302,BRACKET,BRACKET,02 MED,425,2,EA,0,1,Above Max,1,850,0,0,0,,,,
,CALIFORNIA,,SITE_E,SITE_E-MAIN,B02-D-05,43848,TENSIONR,TENSIONR,01 HIGH,144.3,5,EA,1,2,Above Max,3,721.5,0,0,0,,,,
,CALIFORNIA,,SITE_E,SITE_E-MAIN,B02-E-06,1063703,ESTOP,ESTOP,01 HIGH,628.327143,5,EA,1,2,Above Max,3,3141.635715,0,0,0,,,,
,CALIFORNIA,,SITE_E,SITE_E-MAIN,C02-A-01,1119468,CONTROL,CONTROL,03 LOW,7241.6,2,EA,0,1,Above Max,1,14483.2,0,0,0,,,,
,CALIFORNIA,,SITE_E,SITE_E-MAIN,C02-A-02,3264969,CONTROL,CONTROL,03 LOW,7254,2,EA,0,1,Above Max,1,14508,0,0,0,,,,
,CALIFORNIA,,SITE_E,SITE_E-MAIN,C02-B-03,3226135,MODULE,MODULE,03 LOW,2960.176108,2,EA,0,1,Above Max,1,5920.352216,0,0,0,,,,
,CALIFORNIA,,SITE_E,SITE_E-MAIN,C02-C-03,3040721,VFD,VFD,01 HIGH,5004.29,3,EA,0,1,Above Max,2,15012.87,0,0,0,,,,
,CALIFORNIA,,SITE_E,SITE_E-MAIN,C02-E-02,3128180,DISCONCT,DISCONCT,01 HIGH,609.4991,2,EA,0,1,Above Max,1,1218.9982,2,2,1,,,,
,CALIFORNIA,,SITE_E,SITE_E-MAIN,C02-E-03,3083746,ELEC,ELEC,01 HIGH,1696.01,3,EA,1,2,Above Max,1,5088.03,0,0,0,,,,
,CALIFORNIA,,SITE_E,SITE_E-MAIN,D01-A-01,1115747,ROLLER,ROLLER,02 MED,119.7,3,EA,0,2,Above Max,1,359.1,56,56,2,,,,
,CALIFORNIA,,SITE_E,SITE_E-MAIN,D01-A-02,1115753,BELT,BELT,02 MED,57.63,18,EA,1,9,Above Max,9,1037.34,0,0,0,,,,
,CALIFORNIA,,SITE_E,SITE_E-MAIN,D01-A-03,3259916,PLATE,PLATE,03 LOW,430,3,EA,1,2,Above Max,1,1290,0,0,0,,,,
,CALIFORNIA,,SITE_E,SITE_E-MAIN,E01-A-03,3040709,GEARMTR,GEARMTR,01 HIGH,1736.52,2,EA,0,1,Above Max,1,3473.04,0,0,0,,,,
,CALIFORNIA,,SITE_E,SITE_E-MAIN,E01-A-07,3040722,VFD,VFD,01 HIGH,5549.2,2,EA,0,1,Above Max,1,11098.4,0,0,0,,,,
,CALIFORNIA,,SITE_E,SITE_E-MAIN,E01-B-07,3040699,ROLLER,ROLLER,01 HIGH,315.14,2,EA,0,1,Above Max,1,630.28,0,0,0,,,,
,CALIFORNIA,,SITE_E,SITE_E-MAIN,E01-C-06,3056962,ROLLER,ROLLER,01 HIGH,38.09,3,EA,0,1,Above Max,2,114.27,0,0,0,,,,
,CALIFORNIA,,SITE_E,SITE_E-MAIN,E01-C-10,3040698,ROLLER,ROLLER,01 HIGH,90.6,2,EA,0,1,Above Max,1,181.2,4,2,1,,,,
,CALIFORNIA,,SITE_E,SITE_E-MAIN,E01-C-21,3040669,ROLLER,ROLLER,01 HIGH,130.62,2,EA,0,1,Above Max,1,261.24,0,0,0,,,,
,CALIFORNIA,,SITE_E,SITE_E-MAIN,E01-D-09,1061259,TRANSFRM,TRANSFRM,03 LOW,527.67,2,EA,0,1,Above Max,1,1055.34,0,0,0,,,,
,CALIFORNIA,,SITE_E,SITE_E-MAIN,E01-D-10,3264974,PLATE,PLATE,03 LOW,435.5,2,EA,0,1,Above Max,1,871,0,0,0,,,,
,CALIFORNIA,,SITE_E,SITE_E-MAIN,E01-D-21,3128133,SHAFT,SHAFT,01 HIGH,60.03,2,EA,0,1,Above Max,1,120.06,0,0,0,,,,
,CALIFORNIA,,SITE_E,SITE_E-MAIN,F01-A-07,3087450,SAFETY,SAFETY,03 LOW,50,6,EA,1,4,Above Max,2,300,0,0,0,,,,
,CALIFORNIA,,SITE_E,SITE_E-MAIN,F01-B-05,3264932,BUMPER,BUMPER,03 LOW,28.175,4,EA,1,2,Above Max,2,112.7,0,0,0,,,,
,CALIFORNIA,,SITE_E,SITE_E-MAIN,F01-B-09,N30760,SWITCH,SWITCH,03 LOW,656.5,2,EA,0,1,Above Max,1,1313,0,0,0,,,,
,CALIFORNIA,,SITE_E,SITE_E-MAIN,F01-B-10,3176033,MODULE,MODULE,02 MED,740.524,3,EA,1,2,Above Max,1,2221.572,0,0,0,,,,
,CALIFORNIA,,SITE_E,SITE_E-MAIN,F01-C-03,3264951,FAN,FAN,03 LOW,45.5,10,EA,1,5,Above Max,5,455,0,0,0,,,,
,CALIFORNIA,,SITE_E,SITE_E-MAIN,F01-C-11,1004818,SENSOR,SENSOR,01 HIGH,520.085,2,EA,0,1,Above Max,1,1040.17,0,0,0,,,,
,CALIFORNIA,,SITE_E,SITE_E-MAIN,F01-E-04,1113256,MOTOR,MOTOR,03 LOW,123.33,3,EA,1,2,Above Max,1,369.99,0,0,0,,,,
,CALIFORNIA,,SITE_E,SITE_E-MAIN,F01-E-10,76232,CRCTBRKR,CRCTBRKR,01 HIGH,81.248889,3,EA,0,1,Above Max,2,243.746667,0,0,0,,,,
,CALIFORNIA,,SITE_E,SITE_E-MAIN,F01-E-13,62241,CRCTBRKR,CRCTBRKR,01 HIGH,95.871,2,EA,0,1,Above Max,1,191.742,2,2,1,,,,
,CALIFORNIA,,SITE_E,SITE_E-MAIN,F01-G-08,3264975,RELAY,RELAY,03 LOW,32.5,2,EA,0,1,Above Max,1,65,0,0,0,,,,
,CALIFORNIA,,SITE_E,SITE_E-MAIN,F01-G-14,3128131,COLLAR,COLLAR,02 MED,1.3398,18,EA,1,2,Above Max,16,24.1164,0,0,0,,,,
,CALIFORNIA,,SITE_E,SITE_E-MAIN,G01-A-01,43898,CABLE,CABLE,03 LOW,52.61625,16,EA,0,1,Above Max,15,841.86,0,0,0,,,,
,CALIFORNIA,,SITE_E,SITE_E-MAIN,G01-A-02,N50239,CABLE,CABLE,03 LOW,237.89,4,EA,1,2,Above Max,2,951.56,0,0,0,,,,
,CALIFORNIA,,SITE_E,SITE_E-MAIN,G01-A-05,1062320,CORD,CORD,01 HIGH,940.97,2,EA,0,1,Above Max,1,1881.94,0,0,0,,,,
,CALIFORNIA,,SITE_E,SITE_E-MAIN,G01-B-04,3264935,BUTTON,BUTTON,03 LOW,1467.857143,7,EA,0,1,Above Max,6,10275,0,0,0,,,,
,CALIFORNIA,,SITE_E,SITE_E-MAIN,G01-B-05,N51778,CABLE,CABLE,01 HIGH,58.11,18,EA,2,5,Above Max,13,1045.98,0,0,0,,,,
,CALIFORNIA,,SITE_E,SITE_E-MAIN,G01-C-04,3337021,MODULE,MODULE,01 HIGH,95.65,4,EA,1,2,Above Max,2,382.6,0,0,0,,,,
,CALIFORNIA,,SITE_E,SITE_E-MAIN,G01-D-02,1113300,CABLE,CABLE,03 LOW,85.28,4,EA,1,3,Above Max,1,341.12,0,0,0,,,,
,CALIFORNIA,,SITE_E,SITE_E-MAIN,G01-F-01,1063245,SENSOR,SENSOR,02 MED,213.942857,2,EA,0,1,Above Max,1,427.885714,12,2,1,,,,
,CALIFORNIA,,SITE_F,SITE_F-MAIN,A01-A-02,85957Z,CORD,CORD,02 MED,36.6075,4,EA,2,3,Above Max,1,146.43,336,336,2,,,,
,CALIFORNIA,,SITE_F,SITE_F-MAIN,A01-A-04,85922Z,GEARMTR,GEARMTR,01 HIGH,472.533333,3,EA,0,1,Above Max,2,1417.599999,672,336,2,,,,
,CALIFORNIA,,SITE_F,SITE_F-MAIN,A01-A-06,3012850,PEDAL,PEDAL,03 LOW,33.01,10,PR,1,2,Above Max,8,330.1,0,0,0,,,,
,CALIFORNIA,,SITE_F,SITE_F-MAIN,A01-B-04,3012849,WHEEL,WHEEL,03 LOW,10.66,10,EA,1,2,Above Max,8,106.6,0,0,0,,,,
,CALIFORNIA,,SITE_F,SITE_F-MAIN,A01-C-02,N35220Z,PULLEY,PULLEY,01 HIGH,4.74,4,EA,2,3,Above Max,1,18.96,0,0,0,,,,
,CALIFORNIA,,SITE_F,SITE_F-MAIN,A01-D-10,85951Z,FUSE,FUSE,03 LOW,32.89,5,EA,3,4,Above Max,1,164.45,0,0,0,,,,
,CALIFORNIA,,SITE_F,SITE_F-MAIN,A04-A-02,41932Z,ROLLER,ROLLER,02 MED,114,4,EA,2,3,Above Max,1,456,0,0,0,,,,
,CALIFORNIA,,SITE_F,SITE_F-MAIN,A04-A-04,41931Z,ROLLER,ROLLER,01 HIGH,114,4,EA,2,3,Above Max,1,456,0,0,0,,,,
,CALIFORNIA,,SITE_F,SITE_F-MAIN,A04-A-06,85930Z,ROLLER,ROLLER,01 HIGH,124.31,5,EA,2,3,Above Max,2,621.55,0,0,0,,,,
,CALIFORNIA,,SITE_F,SITE_F-MAIN,A04-A-09,N36953Z,ROLLER,ROLLER,02 MED,38.135325,9,EA,3,4,Above Max,5,343.217925,0,0,0,,,,
,CALIFORNIA,,SITE_F,SITE_F-MAIN,A04-B-01,85933Z,ROLLER,ROLLER,02 MED,40,10,EA,3,4,Above Max,6,400,0,0,0,,,,
,CALIFORNIA,,SITE_F,SITE_F-MAIN,A04-B-04,85928Z,ROLLER,ROLLER,02 MED,30.565238,5,EA,1,2,Above Max,3,152.82619,0,0,0,,,,
,CALIFORNIA,,SITE_F,SITE_F-MAIN,A04-B-06,85935Z,ROLLER,ROLLER,02 MED,38.364286,5,EA,1,3,Above Max,2,191.82143,0,0,0,,,,
,CALIFORNIA,,SITE_G,SITE_G-MAIN,*,1002074,FUSE,FUSE,03 LOW,29.904417,10,EA,0,1,Above Max,9,299.04417,0,0,0,,,,
,CALIFORNIA,,SITE_G,SITE_G-MAIN,*,116945,REFLECTR,REFLECTR,01 HIGH,29.399809,4,EA,1,2,Above Max,2,117.599236,2,2,1,,,,
,CALIFORNIA,,SITE_G,SITE_G-MAIN,*,3041568,CASTER,CASTER,03 LOW,16.5,2,EA,0,1,Above Max,1,33,120,60,2,,,,
,CALIFORNIA,,SITE_G,SITE_G-MAIN,*,3067697,BOLT,BOLT,02 MED,68.314466,2,EA,0,1,Above Max,1,136.628932,0,0,0,,,,
,CALIFORNIA,,SITE_G,SITE_G-MAIN,*,3127985,BEARING,BEARING,02 MED,12.957298,4,EA,0,1,Above Max,3,51.829192,0,0,0,,,,
,CALIFORNIA,,SITE_G,SITE_G-MAIN,*,3128131,COLLAR,COLLAR,02 MED,0.833885,10,EA,1,2,Above Max,8,8.33885,0,0,0,,,,
,CALIFORNIA,,SITE_G,SITE_G-MAIN,*,3128171,BOLT,BOLT,02 MED,0.115889,10,EA,1,2,Above Max,8,1.15889,0,0,0,,,,
,CALIFORNIA,,SITE_G,SITE_G-MAIN,*,3128177,HARDWARE,HARDWARE,02 MED,0.105625,10,EA,1,2,Above Max,8,1.05625,0,0,0,,,,
,CALIFORNIA,,SITE_G,SITE_G-MAIN,*,315792,BEARING,BEARING,02 MED,1.282901,4,EA,1,2,Above Max,2,5.131604,0,0,0,,,,
,CALIFORNIA,,SITE_G,SITE_G-MAIN,*,3241703,ROLLER,ROLLER,01 HIGH,21.509969,3,EA,1,2,Above Max,1,64.529907,0,0,0,,,,
,CALIFORNIA,,SITE_G,SITE_G-MAIN,*,3241722,ROLLER,ROLLER,01 HIGH,27.11197,3,EA,1,2,Above Max,1,81.33591,0,0,0,,,,
,CALIFORNIA,,SITE_G,SITE_G-MAIN,*,3241751,ROLLER,ROLLER,01 HIGH,21.509969,3,EA,1,2,Above Max,1,64.529907,0,0,0,,,,
,CALIFORNIA,,SITE_G,SITE_G-MAIN,*,3241776,BEARING,BEARING,01 HIGH,9.621756,4,EA,1,2,Above Max,2,38.487024,0,0,0,,,,
,CALIFORNIA,,SITE_G,SITE_G-MAIN,*,3241845,FITTING,FITTING,01 HIGH,8.060893,6,EA,1,2,Above Max,4,48.365358,0,0,0,,,,
,CALIFORNIA,,SITE_G,SITE_G-MAIN,*,3241895,FUSE,FUSE,01 HIGH,22.277572,10,EA,1,2,Above Max,8,222.77572,0,0,0,,,,
,CALIFORNIA,,SITE_G,SITE_G-MAIN,*,3249157,CORD,CORD,03 LOW,38.4087,2,EA,0,1,Above Max,1,76.8174,120,60,2,,,,
,CALIFORNIA,,SITE_G,SITE_G-MAIN,*,3249169,BEARING,BEARING,03 LOW,26.85,4,EA,0,2,Above Max,2,107.4,120,60,2,,,,
,CALIFORNIA,,SITE_G,SITE_G-MAIN,*,3249173,LATCH,LATCH,03 LOW,6.731679,3,EA,1,2,Above Max,1,20.195037,60,60,2,,,,
,CALIFORNIA,,SITE_G,SITE_G-MAIN,*,3438983,FITTING,FITTING,03 LOW,22.46,2,EA,0,1,Above Max,1,44.92,0,0,0,,,,
,CALIFORNIA,,SITE_G,SITE_G-MAIN,*,3441125,HARDWARE,HARDWARE,02 MED,0.11,12,EA,2,4,Above Max,8,1.32,0,0,0,,,,
,CALIFORNIA,,SITE_G,SITE_G-MAIN,*,3453687,CASTER,CASTER,02 MED,53.25,2,EA,0,1,Above Max,1,106.5,0,0,0,,,,
,CALIFORNIA,,SITE_G,SITE_G-MAIN,A01-A-01,1069732,CONTACT,CONTACT,01 HIGH,341.727272,10,EA,1,2,Above Max,8,3417.27272,0,0,0,,,,
,CALIFORNIA,,SITE_G,SITE_G-MAIN,A01-B-01,56372,ROLLER,ROLLER,02 MED,203.86,3,EA,1,2,Above Max,1,611.58,0,0,0,,,,
,CALIFORNIA,,SITE_G,SITE_G-MAIN,A01-B-03,N37943,ROLLER,ROLLER,03 LOW,11.62,10,EA,1,2,Above Max,8,116.2,0,0,0,,,,
,CALIFORNIA,,SITE_G,SITE_G-MAIN,A01-B-04,86017Z,ROLLER,ROLLER,02 MED,20.595,8,EA,3,4,Above Max,4,164.76,0,0,0,,,,
,CALIFORNIA,,SITE_G,SITE_G-MAIN,A01-B-05,86036Z,ROLLER,ROLLER,01 HIGH,49.38,6,EA,1,3,Above Max,3,296.28,0,0,0,,,,
,CALIFORNIA,,SITE_G,SITE_G-MAIN,A01-B-06,86037Z,ROLLER,ROLLER,02 MED,50.96,5,EA,2,3,Above Max,2,254.8,0,0,0,,,,
,CALIFORNIA,,SITE_G,SITE_G-MAIN,A01-B-07,86035Z,ROLLER,ROLLER,02 MED,50.96,5,EA,1,2,Above Max,3,254.8,0,0,0,,,,
,CALIFORNIA,,SITE_G,SITE_G-MAIN,A01-B-08,86038Z,ROLLER,ROLLER,02 MED,41.32,5,EA,1,3,Above Max,2,206.6,0,0,0,,,,
,CALIFORNIA,,SITE_G,SITE_G-MAIN,A01-B-09,N78560Z,ROLLER,ROLLER,02 MED,39.746,9,EA,1,2,Above Max,7,357.714,0,0,0,,,,
,CALIFORNIA,,SITE_G,SITE_G-MAIN,A01-B-10,86033Z,ROLLER,ROLLER,01 HIGH,237.856,7,EA,2,4,Above Max,3,1664.992,0,0,0,,,,
,CALIFORNIA,,SITE_G,SITE_G-MAIN,A01-B-15,86007Z,HANDLE,HANDLE,02 MED,73.5925,4,EA,1,2,Above Max,2,294.37,0,0,0,,,,
,CALIFORNIA,,SITE_G,SITE_G-MAIN,A01-C-01,1069771,ROLLER,ROLLER,01 HIGH,111.52,5,EA,1,2,Above Max,3,557.6,0,0,0,,,,
,CALIFORNIA,,SITE_G,SITE_G-MAIN,A01-C-02,86009Z,ROLLER,ROLLER,01 HIGH,285.3,4,EA,1,2,Above Max,2,1141.2,392,98,2,,,,
,CALIFORNIA,,SITE_G,SITE_G-MAIN,A01-C-06,73736,ROLLER,ROLLER,01 HIGH,69.5715,4,EA,1,2,Above Max,2,278.286,0,0,0,,,,
,CALIFORNIA,,SITE_G,SITE_G-MAIN,A01-C-08,3211303,GUARD,GUARD,03 LOW,11.17,20,EA,1,2,Above Max,18,223.4,0,0,0,,,,
,CALIFORNIA,,SITE_G,SITE_G-MAIN,A01-C-09,3211322,GUARD,GUARD,02 MED,10.26,20,EA,2,4,Above Max,16,205.2,0,0,0,,,,
,CALIFORNIA,,SITE_G,SITE_G-MAIN,A02-A-01,86015Z,CASTER,CASTER,03 LOW,22.575384,13,EA,1,2,Above Max,11,293.479992,0,0,0,,,,
,CALIFORNIA,,SITE_G,SITE_G-MAIN,A02-C-02,N78561Z,CABLE,CABLE,02 MED,48.558,4,EA,1,2,Above Max,2,194.232,0,0,0,,,,
,CALIFORNIA,,SITE_G,SITE_G-MAIN,A02-C-05,N48918,HANDLE,HANDLE,02 MED,33.88,4,EA,1,2,Above Max,2,135.52,0,0,0,,,,
,CALIFORNIA,,SITE_G,SITE_G-MAIN,A02-C-06,1071382,HANDLE,HANDLE,02 MED,45.86,3,EA,1,2,Above Max,1,137.58,98,98,2,,,,
,CALIFORNIA,,SITE_G,SITE_G-MAIN,A02-D-01,1070743,TUBE,TUBE,03 LOW,13.76745,5,EA,1,2,Above Max,3,68.83725,0,0,0,,,,
,CALIFORNIA,,SITE_G,SITE_G-MAIN,A02-D-02,85989Z,PLATE,PLATE,02 MED,2.16,10,EA,1,2,Above Max,8,21.6,0,0,0,,,,
,CALIFORNIA,,SITE_G,SITE_G-MAIN,A02-D-03,85973Z,BRACKET,BRACKET,02 MED,6.95,6,EA,1,2,Above Max,4,41.7,0,0,0,,,,
,CALIFORNIA,,SITE_G,SITE_G-MAIN,A02-D-04,85990Z,BRACKET,BRACKET,03 LOW,1.91,20,EA,1,2,Above Max,18,38.2,0,0,0,,,,
,CALIFORNIA,,SITE_G,SITE_G-MAIN,A02-D-08,1068645,SHEAVE,SHEAVE,03 LOW,16.06,10,EA,1,2,Above Max,8,160.6,0,0,0,,,,
,CALIFORNIA,,SITE_G,SITE_G-MAIN,A02-D-09,43201,BUTTON,BUTTON,02 MED,115.897753,3,EA,1,2,Above Max,1,347.693259,196,98,2,,,,
,CALIFORNIA,,SITE_G,SITE_G-MAIN,A02-E-01,86030Z,PLUG,PLUG,01 HIGH,55.9,5,EA,1,3,Above Max,2,279.5,98,98,2,,,,
,CALIFORNIA,,SITE_G,SITE_G-MAIN,A02-E-02,86029Z,PLUG,PLUG,01 HIGH,30.21,5,EA,1,2,Above Max,3,151.05,98,98,2,,,,
,CALIFORNIA,,SITE_G,SITE_G-MAIN,A02-E-04,N37949,CABLE,CABLE,03 LOW,12.94,5,EA,1,2,Above Max,3,64.7,0,0,0,,,,
,CALIFORNIA,,SITE_G,SITE_G-MAIN,A02-E-05,48342,CONTROL,CONTROL,03 LOW,89.919466,3,EA,1,2,Above Max,1,269.758398,0,0,0,,,,
,CALIFORNIA,,SITE_G,SITE_G-MAIN,A02-E-06,1062088,LIGHT,LIGHT,03 LOW,94.124599,4,EA,1,3,Above Max,1,376.498396,0,0,0,,,,
,CALIFORNIA,,SITE_G,SITE_G-MAIN,A02-F-01,1070345,BLOCK,BLOCK,03 LOW,1.43,5,EA,1,2,Above Max,3,7.15,0,0,0,,,,
,CALIFORNIA,,SITE_G,SITE_G-MAIN,A02-F-03,85977Z,TERMINAL,TERMINAL,03 LOW,3.34,4,EA,1,2,Above Max,2,13.36,0,0,0,,,,
,CALIFORNIA,,SITE_G,SITE_G-MAIN,A02-F-04,86021Z,BUSHING,BUSHING,02 MED,2.74,10,EA,1,2,Above Max,8,27.4,0,0,0,,,,
,CALIFORNIA,,SITE_G,SITE_G-MAIN,A02-F-05,85975Z,TERMINAL,TERMINAL,03 LOW,1.01,4,EA,1,2,Above Max,2,4.04,0,0,0,,,,
,CALIFORNIA,,SITE_G,SITE_G-MAIN,A02-F-07,41776Z,CONTROL,CONTROL,01 HIGH,67.258,5,EA,1,2,Above Max,3,336.29,0,0,0,,,,
,CALIFORNIA,,SITE_G,SITE_G-MAIN,A02-F-08,41774Z,RELAY,RELAY,03 LOW,41.95,5,EA,1,2,Above Max,3,209.75,294,98,2,,,,
,CALIFORNIA,,SITE_G,SITE_G-MAIN,A02-G-02,N48928,BEARING,BEARING,02 MED,0.63,5,EA,1,2,Above Max,3,3.15,0,0,0,,,,
,CALIFORNIA,,SITE_G,SITE_G-MAIN,A02-G-03,73744,PIN,PIN,03 LOW,1.449,5,EA,2,3,Above Max,2,7.245,0,0,0,,,,
,CALIFORNIA,,SITE_G,SITE_G-MAIN,A02-G-04,1002896,SPACER,SPACER,02 MED,0.252,5,EA,1,2,Above Max,3,1.26,0,0,0,,,,
,CALIFORNIA,,SITE_G,SITE_G-MAIN,A02-G-10,1069901,CABLE,CABLE,01 HIGH,40.18,3,EA,1,2,Above Max,1,120.54,0,0,0,,,,
,CALIFORNIA,,SITE_G,SITE_G-MAIN,A05-A-01,3001294,CASTER,CASTER,01 HIGH,42.67,4,EA,1,2,Above Max,2,170.68,0,0,0,,,,
,CALIFORNIA,,SITE_G,SITE_G-MAIN,A05-D-03,3001292,BRACKET,BRACKET,02 MED,36.54,6,EA,1,2,Above Max,4,219.24,0,0,0,,,,
,CALIFORNIA,,SITE_G,SITE_G-MAIN,A05-D-04,3001290,BRACKET,BRACKET,02 MED,36.54,6,EA,1,2,Above Max,4,219.24,0,0,0,,,,
,CALIFORNIA,,SITE_G,SITE_G-MAIN,A05-D-06,N34577Z,CAP,CAP,02 MED,1.68,20,EA,1,2,Above Max,18,33.6,0,0,0,,,,
,CALIFORNIA,,SITE_G,SITE_G-MAIN,A05-D-08,3001308,LABEL,LABEL,02 MED,3,10,EA,1,2,Above Max,8,30,0,0,0,,,,
,CALIFORNIA,,SITE_G,SITE_G-MAIN,A05-D-10,3001310,CLIP,CLIP,02 MED,1.67,12,EA,1,2,Above Max,10,20.04,0,0,0,,,,
,CALIFORNIA,,SITE_H,SITE_H-MAIN,*,3005768,CHAIN,CHAIN,02 MED,10.86,4,EA,1,2,Above Max,2,43.44,0,0,0,,,,
,CALIFORNIA,,SITE_H,SITE_H-MAIN,*,3012848,PEDAL,PEDAL,03 LOW,8.1,20,EA,1,2,Above Max,18,162,0,0,0,,,,
,CALIFORNIA,,SITE_H,SITE_H-MAIN,*,3012851,WHEEL,WHEEL,03 LOW,11.01,20,EA,1,2,Above Max,18,220.2,0,0,0,,,,
,CALIFORNIA,,SITE_H,SITE_H-MAIN,A01-A-01,1071541,CONTROL,CONTROL,01 HIGH,202.34,6,EA,1,2,Above Max,4,1214.04,0,0,0,,,,
,CALIFORNIA,,SITE_H,SITE_H-MAIN,A01-B-02,86599Z,CABLE,CABLE,02 MED,175.16,5,EA,2,3,Above Max,2,875.8,0,0,0,,,,
,CALIFORNIA,,SITE_H,SITE_H-MAIN,A01-B-05,86600Z,CABLE,CABLE,02 MED,226.033333,3,EA,1,2,Above Max,1,678.099999,0,0,0,,,,
,CALIFORNIA,,SITE_H,SITE_H-MAIN,A01-D-05,86613Z,BUMPER,BUMPER,02 MED,95.61,9,EA,1,2,Above Max,7,860.49,0,0,0,,,,
,CALIFORNIA,,SITE_H,SITE_H-MAIN,A01-D-10,1061368,STUD,STUD,02 MED,1.18,5,EA,1,2,Above Max,3,5.9,0,0,0,,,,
,CALIFORNIA,,SITE_H,SITE_H-MAIN,A01-D-12,85948Z,SWITCH,SWITCH,02 MED,57.086667,3,EA,1,2,Above Max,1,171.260001,0,0,0,,,,
,CALIFORNIA,,SITE_H,SITE_H-MAIN,A01-E-02,N21402Z,BLOCK,BLOCK,02 MED,9.85,4,EA,1,2,Above Max,2,39.4,0,0,0,,,,
,CALIFORNIA,,SITE_H,SITE_H-MAIN,A01-F-11,1061372,FASTENER,FASTENER,02 MED,9.48,5,EA,1,2,Above Max,3,47.4,0,0,0,,,,
,CALIFORNIA,,SITE_H,SITE_H-MAIN,A01-G-02,86611Z,KEYSTOCK,KEYSTOCK,01 HIGH,1.16,4,EA,1,2,Above Max,2,4.64,0,0,0,,,,
,CALIFORNIA,,SITE_H,SITE_H-MAIN,A01-G-15,86617Z,SPRING,SPRING,02 MED,22.47,3,EA,1,2,Above Max,1,67.41,0,0,0,,,,
,CALIFORNIA,,SITE_H,SITE_H-MAIN,A01-G-22,N15383,RELAY,RELAY,02 MED,20.4,5,,1,2,Above Max,3,102,0,0,0,,,,
,CALIFORNIA,,SITE_H,SITE_H-MAIN,A03-A-02,10048973,CABLE,CABLE,02 MED,78.614409,3,EA,1,2,Above Max,1,235.843227,2,2,1,,,,
,CALIFORNIA,,SITE_H,SITE_H-MAIN,A03-A-06,86596Z,MOTOR,MOTOR,01 HIGH,421.36,2,EA,0,1,Above Max,1,842.72,0,0,0,,,,
,CALIFORNIA,,SITE_H,SITE_H-MAIN,A03-B-02,10049025,CABLE,CABLE,01 HIGH,181.920467,3,EA,1,2,Above Max,1,545.761401,2,2,1,,,,
,CALIFORNIA,,SITE_H,SITE_H-MAIN,A03-B-03,10049047,CABLE,CABLE,02 MED,168.547767,3,EA,1,2,Above Max,1,505.643301,2,2,1,,,,
,CALIFORNIA,,SITE_H,SITE_H-MAIN,A03-B-05,10049042,CABLE,CABLE,02 MED,196.023333,3,EA,1,2,Above Max,1,588.069999,2,2,1,,,,
,CALIFORNIA,,SITE_H,SITE_H-MAIN,A03-B-06,10048977,CABLE,CABLE,02 MED,103.0309,3,EA,1,2,Above Max,1,309.0927,20,2,1,,,,
,CALIFORNIA,,SITE_H,SITE_H-MAIN,A03-B-07,79353Z,VALVE,VALVE,02 MED,96.4,6,EA,1,2,Above Max,4,578.4,0,0,0,,,,
,CALIFORNIA,,SITE_H,SITE_H-MAIN,A03-C-02,3249157,CORD,CORD,02 MED,10.95,3,EA,1,2,Above Max,1,32.85,0,0,0,,,,
,CALIFORNIA,,SITE_H,SITE_H-MAIN,A03-C-03,22081,CONTACT,CONTACT,02 MED,190.028571,6,EA,1,2,Above Max,4,1140.171426,0,0,0,,,,
,CALIFORNIA,,SITE_H,SITE_H-MAIN,A03-C-05,1071395,BEARING,BEARING,02 MED,219.613333,6,EA,2,4,Above Max,2,1317.679998,8,2,1,,,,
,CALIFORNIA,,SITE_H,SITE_H-MAIN,A03-C-06,10049039,CABLE,CABLE,01 HIGH,50.520633,3,EA,1,2,Above Max,1,151.561899,2,2,1,,,,
,CALIFORNIA,,SITE_H,SITE_H-MAIN,A03-C-07,10049040,CABLE,CABLE,01 HIGH,44.979333,3,EA,1,2,Above Max,1,134.937999,2,2,1,,,,
,CALIFORNIA,,SITE_H,SITE_H-MAIN,A03-D-01,1064144,BELT,BELT,01 HIGH,24.34,3,EA,1,2,Above Max,1,73.02,0,0,0,,,,
,CALIFORNIA,,SITE_H,SITE_H-MAIN,A03-D-04,3040627,BREAKER,BREAKER,03 LOW,227.6475,3,EA,1,2,Above Max,1,682.9425,0,0,0,,,,
,CALIFORNIA,,SITE_H,SITE_H-MAIN,A03-D-07,3040654,PULLEY,PULLEY,02 MED,141.843333,3,EA,1,2,Above Max,1,425.529999,0,0,0,,,,
,CALIFORNIA,,SITE_H,SITE_H-MAIN,A03-D-13,3040718,BEARING,BEARING,02 MED,66.62,4,EA,1,2,Above Max,2,266.48,0,0,0,,,,
,CALIFORNIA,,SITE_H,SITE_H-MAIN,A03-E-09,1110558,PHOTOEYE,PHOTOEYE,01 HIGH,1268.96,3,EA,1,2,Above Max,1,3806.88,0,0,0,,,,
,CALIFORNIA,,SITE_H,SITE_H-MAIN,A03-E-15,10048976,CABLE,CABLE,01 HIGH,63.103557,3,EA,1,2,Above Max,1,189.310671,2,2,1,,,,
,CALIFORNIA,,SITE_H,SITE_H-MAIN,A03-F-02,1063245,SENSOR,SENSOR,01 HIGH,378.988667,3,EA,1,2,Above Max,1,1136.966001,12,2,1,,,,
,CALIFORNIA,,SITE_H,SITE_H-MAIN,A03-F-17,3040653,PULLEY,PULLEY,02 MED,132.86,4,EA,2,3,Above Max,1,531.44,0,0,0,,,,
,CALIFORNIA,,SITE_H,SITE_H-MAIN,A03-F-18,79725Z,PULLEY,PULLEY,02 MED,237.67,4,EA,2,3,Above Max,1,950.68,0,0,0,,,,
,CALIFORNIA,,SITE_H,SITE_H-MAIN,A03-F-19,3040719,BEARING,BEARING,02 MED,41.6175,4,EA,1,2,Above Max,2,166.47,0,0,0,,,,
,CALIFORNIA,,SITE_H,SITE_H-MAIN,A03-G-03,73752,LIGHT,LIGHT,01 HIGH,6.75,4,EA,1,2,Above Max,2,27,0,0,0,,,,
,CALIFORNIA,,SITE_H,SITE_H-MAIN,A03-G-09,1111160,SENSOR,SENSOR,02 MED,766.91375,4,EA,2,3,Above Max,1,3067.655,0,0,0,,,,
,CALIFORNIA,,SITE_H,SITE_H-MAIN,A03-G-10,3266571,LIGHT,LIGHT,02 MED,40.57,5,EA,1,2,Above Max,3,202.85,0,0,0,,,,
,CALIFORNIA,,SITE_H,SITE_H-MAIN,A03-G-18,43862,BREAKER,BREAKER,03 LOW,85.2,3,EA,1,2,Above Max,1,255.6,0,0,0,,,,
,CALIFORNIA,,SITE_H,SITE_H-MAIN,A04-A-03,3056967,ENCODER,ENCODER,02 MED,1285.75,3,EA,1,2,Above Max,1,3857.25,0,0,0,,,,
,CALIFORNIA,,SITE_H,SITE_H-MAIN,A04-D-04,14988Z,PULLEY,PULLEY,02 MED,13.202453,5,EA,1,2,Above Max,3,66.012265,0,0,0,,,,
,CALIFORNIA,,SITE_H,SITE_H-MAIN,A04-D-09,88000,CABLE,CABLE,02 MED,78.6016,6,EA,1,2,Above Max,4,471.6096,0,0,0,,,,
,CALIFORNIA,,SITE_H,SITE_H-MAIN,A04-D-13,48726,BLOCK,BLOCK,01 HIGH,12.07,3,EA,0,1,Above Max,2,36.21,0,0,0,,,,
,CALIFORNIA,,SITE_H,SITE_H-MAIN,A04-E-05,3067613,CABLE,CABLE,01 HIGH,86.69,3,EA,1,2,Above Max,1,260.07,0,0,0,,,,
,CALIFORNIA,,SITE_H,SITE_H-MAIN,A04-E-13,1125755,PHOTOEYE,PHOTOEYE,01 HIGH,447.96,4,EA,1,2,Above Max,2,1791.84,32,2,1,,,,
,CALIFORNIA,,SITE_H,SITE_H-MAIN,A04-F-01,3040656,PULLEY,PULLEY,03 LOW,39.09,4,EA,2,3,Above Max,1,156.36,0,0,0,,,,
,CALIFORNIA,,SITE_H,SITE_H-MAIN,A04-G-02,73755,BUTTON,BUTTON,02 MED,17.923999,5,EA,1,2,Above Max,3,89.619995,0,0,0,,,,
,CALIFORNIA,,SITE_H,SITE_H-MAIN,A04-G-03,3249165,MOUNT,MOUNT,02 MED,23.2,3,EA,1,2,Above Max,1,69.6,0,0,0,,,,
,CALIFORNIA,,SITE_H,SITE_H-MAIN,A04-G-05,3041570,ADHESIVE,ADHESIVE,02 MED,3.86,4,EA,1,2,Above Max,2,15.44,0,0,0,,,,
,CALIFORNIA,,SITE_H,SITE_H-MAIN,A04-G-07,3249173,LATCH,LATCH,02 MED,11.97,5,EA,1,2,Above Max,3,59.85,0,0,0,,,,
,CALIFORNIA,,SITE_H,SITE_H-MAIN,A04-G-14,1004825,TERMINAL,TERMINAL,03 LOW,181.736667,3,EA,1,2,Above Max,1,545.210001,0,0,0,,,,
,CALIFORNIA,,SITE_H,SITE_H-MAIN,A04-G-20,49831,ELEC,ELEC,03 LOW,164.7395,4,EA,1,2,Above Max,2,658.958,0,0,0,,,,
,CALIFORNIA,,SITE_H,SITE_H-MAIN,C02-C-01,86597Z,CASTER,CASTER,03 LOW,33.15,9,EA,1,2,Above Max,7,298.35,0,0,0,,,,
,CALIFORNIA,,SITE_H,SITE_H-MAIN,E01-B-03,86627Z,CONNECT,CONNECT,02 MED,56.481999,4,EA,1,2,Above Max,2,225.927996,0,0,0,,,,
,CALIFORNIA,,SITE_H,SITE_H-MAIN,E01-B-04,73747,TERMINAL,TERMINAL,01 HIGH,29.15,8,EA,1,2,Above Max,6,233.2,0,0,0,,,,
,CALIFORNIA,,SITE_H,SITE_H-MAIN,E01-C-01,86624Z,CORD,CORD,01 HIGH,39.76,7,EA,2,3,Above Max,4,278.32,0,0,0,,,,
,CALIFORNIA,,SITE_H,SITE_H-MAIN,E04-F-02,3040655,PULLEY,PULLEY,03 LOW,32.835,7,EA,2,3,Above Max,4,229.845,0,0,0,,,,
,CALIFORNIA,,SITE_H,SITE_H-MAIN,R01-A-01,3040713,GEARMTR,GEARMTR,01 HIGH,2455.73,3,EA,1,2,Above Max,1,7367.19,0,0,0,,,,
,CALIFORNIA,,SITE_H,SITE_H-MAIN,R01-A-02,3040709,GEARMTR,GEARMTR,01 HIGH,1736.52,3,EA,1,2,Above Max,1,5209.56,0,0,0,,,,
,CALIFORNIA,,SITE_H,SITE_H-MAIN,R01-A-03,3040711,GEARMTR,GEARMTR,01 HIGH,1620.6,3,EA,1,2,Above Max,1,4861.8,0,0,0,,,,
,CALIFORNIA,,SITE_H,SITE_H-MAIN,R01-A-04,3040710,GEARMTR,GEARMTR,01 HIGH,1198.646667,3,EA,1,2,Above Max,1,3595.940001,0,0,0,,,,
,CALIFORNIA,,SITE_H,SITE_H-MAIN,R01-A-05,3040714,MOTOR,MOTOR,01 HIGH,749.586667,3,EA,1,2,Above Max,1,2248.760001,0,0,0,,,,
,CALIFORNIA,,SITE_H,SITE_H-MAIN,R01-A-07,3040712,GEARMTR,GEARMTR,01 HIGH,2455.73,3,EA,1,2,Above Max,1,7367.19,0,0,0,,,,
,CALIFORNIA,,SITE_H,SITE_H-MAIN,R01-A-08,3040708,GEARMTR,GEARMTR,01 HIGH,1736.52,3,EA,1,2,Above Max,1,5209.56,0,0,0,,,,
,CALIFORNIA,,SITE_H,SITE_H-MAIN,R01-A-09,551319,PULLEY,PULLEY,02 MED,2230.46588,5,EA,1,2,Above Max,3,11152.3294,52,2,1,,,,
,CALIFORNIA,,SITE_H,SITE_H-MAIN,R01-B-01,3040698,ROLLER,ROLLER,02 MED,90.6,4,EA,1,3,Above Max,1,362.4,4,2,1,,,,
,CALIFORNIA,,SITE_H,SITE_H-MAIN,R01-B-02,3040663,ROLLER,ROLLER,02 MED,125.89,4,EA,2,3,Above Max,1,503.56,0,0,0,,,,
,CALIFORNIA,,SITE_H,SITE_H-MAIN,R01-B-03,3056946,ROLLER,ROLLER,02 MED,38.566667,3,EA,1,2,Above Max,1,115.700001,0,0,0,,,,
,CALIFORNIA,,SITE_H,SITE_H-MAIN,R01-B-04,3040664,ROLLER,ROLLER,02 MED,126.17,3,EA,1,2,Above Max,1,378.51,0,0,0,,,,
,CALIFORNIA,,SITE_H,SITE_H-MAIN,R01-B-08,3056955,ROLLER,ROLLER,02 MED,34.5,4,EA,1,2,Above Max,2,138,0,0,0,,,,
,CALIFORNIA,,SITE_H,SITE_H-MAIN,R01-B-09,3040667,ROLLER,ROLLER,02 MED,128.71,4,EA,2,3,Above Max,1,514.84,0,0,0,,,,
,CALIFORNIA,,SITE_H,SITE_H-MAIN,R01-B-10,3040669,ROLLER,ROLLER,02 MED,130.62,4,EA,2,3,Above Max,1,522.48,0,0,0,,,,
,CALIFORNIA,,SITE_H,SITE_H-MAIN,R01-B-11,3056958,ROLLER,ROLLER,02 MED,33.73,4,EA,2,3,Above Max,1,134.92,0,0,0,,,,
,CALIFORNIA,,SITE_H,SITE_H-MAIN,R01-B-13,3056962,ROLLER,ROLLER,02 MED,37.95,3,EA,1,2,Above Max,1,113.85,0,0,0,,,,
,CALIFORNIA,,SITE_H,SITE_H-MAIN,R01-B-14,3040701,SHAFT,SHAFT,02 MED,60.03,3,EA,1,2,Above Max,1,180.09,0,0,0,,,,
,CALIFORNIA,,SITE_H,SITE_H-MAIN,R01-B-15,3040694,ROLLER,ROLLER,02 MED,40.9625,4,EA,2,3,Above Max,1,163.85,0,0,0,,,,
,CALIFORNIA,,SITE_H,SITE_H-MAIN,R01-B-18,3040700,SHAFT,SHAFT,02 MED,168.82,4,EA,1,2,Above Max,2,675.28,0,0,0,,,,
,CALIFORNIA,,SITE_H,SITE_H-MAIN,R01-B-19,3040702,SHAFT,SHAFT,02 MED,219.57,3,EA,1,2,Above Max,1,658.71,0,0,0,,,,
,CALIFORNIA,,SITE_H,SITE_H-MAIN,R01-B-21,3056959,ROLLER,ROLLER,02 MED,34.77,4,EA,2,3,Above Max,1,139.08,0,0,0,,,,
,CALIFORNIA,,SITE_H,SITE_H-MAIN,R01-B-22,3041555,MOTOR,MOTOR,01 HIGH,968.9,3,EA,1,2,Above Max,1,2906.7,0,0,0,,,,
,CALIFORNIA,,SITE_H,SITE_H-MAIN,R01-B-23,19952,ROLLER,ROLLER,02 MED,26.055,6,EA,3,4,Above Max,2,156.33,0,0,0,,,,
,CALIFORNIA,,SITE_H,SITE_H-MAIN,R01-B-24,N34992Z,ROLLER,ROLLER,02 MED,43.13,5,EA,1,2,Above Max,3,215.65,0,0,0,,,,
,CALIFORNIA,,SITE_H,SITE_H-MAIN,R01-B-25,85933Z,ROLLER,ROLLER,02 MED,59.53,4,EA,1,2,Above Max,2,238.12,0,0,0,,,,
,CALIFORNIA,,SITE_H,SITE_H-MAIN,R01-B-26,41846Z,ROLLER,ROLLER,01 HIGH,30.45,4,EA,1,2,Above Max,2,121.8,0,0,0,,,,
,CALIFORNIA,,SITE_H,SITE_H-MAIN,R01-C-03,3056956,ROLLER,ROLLER,02 MED,32.195,4,EA,1,2,Above Max,2,128.78,0,0,0,,,,
,CALIFORNIA,,SITE_H,SITE_H-MAIN,R01-C-05,3040658,ROLLER,ROLLER,02 MED,123.34,4,EA,2,3,Above Max,1,493.36,0,0,0,,,,
,CALIFORNIA,,SITE_H,SITE_H-MAIN,R01-C-06,3040671,ROLLER,ROLLER,01 HIGH,127.7925,4,EA,1,2,Above Max,2,511.17,0,0,0,,,,
,CALIFORNIA,,SITE_H,SITE_H-MAIN,R01-C-07,3040659,ROLLER,ROLLER,02 MED,124,3,EA,1,2,Above Max,1,372,0,0,0,,,,
,CALIFORNIA,,SITE_H,SITE_H-MAIN,R01-C-13,3040717,PULLEY,PULLEY,02 MED,1285.75,3,EA,1,2,Above Max,1,3857.25,0,0,0,,,,
,CALIFORNIA,,SITE_H,SITE_H-MAIN,R01-C-14,3249172,GUIDE,GUIDE,02 MED,86.77,3,EA,1,2,Above Max,1,260.31,0,0,0,,,,
,CALIFORNIA,,SITE_H,SITE_H-MAIN,R01-C-16,1068095,ROLLER,ROLLER,01 HIGH,87.728,10,EA,1,2,Above Max,8,877.28,0,0,0,,,,
,CALIFORNIA,,SITE_H,SITE_H-MAIN,R01-C-17,1068097,CONVEYOR,CONVEYOR,02 MED,39.046667,3,EA,1,2,Above Max,1,117.140001,0,0,0,,,,
,CALIFORNIA,,SITE_H,SITE_H-MAIN,R01-C-19,1125745,ROLLER,ROLLER,01 HIGH,2055.256261,3,EA,1,2,Above Max,1,6165.768783,2,2,1,,,,
,CALIFORNIA,,SITE_H,SITE_H-MAIN,R01-C-29,3056950,ROLLER,ROLLER,02 MED,33.61,4,EA,2,3,Above Max,1,134.44,0,0,0,,,,
,CALIFORNIA,,SITE_H,SITE_H-MAIN,R01-C-30,3056952,ROLLER,ROLLER,02 MED,45.1675,4,EA,2,3,Above Max,1,180.67,0,0,0,,,,
,CALIFORNIA,,SITE_H,SITE_H-MAIN,R01-C-31,3056954,ROLLER,ROLLER,02 MED,35.62,4,EA,2,3,Above Max,1,142.48,0,0,0,,,,
,CALIFORNIA,,SITE_H,SITE_H-MAIN,R01-C-32,3040657,ROLLER,ROLLER,02 MED,136.41,4,EA,2,3,Above Max,1,545.64,0,0,0,,,,
,CALIFORNIA,,SITE_H,SITE_H-MAIN,R01-C-33,3040661,ROLLER,ROLLER,02 MED,126.85,3,EA,1,2,Above Max,1,380.55,0,0,0,,,,
,CALIFORNIA,,SITE_H,SITE_H-MAIN,R01-C-35,3040697,ROLLER,ROLLER,01 HIGH,183.06,3,EA,1,2,Above Max,1,549.18,8,2,1,,,,
,CALIFORNIA,,SITE_H,SITE_H-MAIN,R01-C-36,1071381,ROLLER,ROLLER,01 HIGH,30.61,7,EA,2,3,Above Max,4,214.27,0,0,0,,,,
,CALIFORNIA,,SITE_H,SITE_H-MAIN,R01-C-37,41845Z,ROLLER,ROLLER,01 HIGH,24.95,13,EA,2,3,Above Max,10,324.35,0,0,0,,,,
,CALIFORNIA,,SITE_H,SITE_H-MAIN,R01-C-38,41843Z,ROLLER,ROLLER,01 HIGH,12.88,5,EA,3,4,Above Max,1,64.4,0,0,0,,,,
,CALIFORNIA,,SITE_H,SITE_H-MAIN,R01-C-41,1071604,ROLLER,ROLLER,01 HIGH,26.93,6,EA,1,2,Above Max,4,161.58,0,0,0,,,,
,CALIFORNIA,,SITE_H,SITE_H-MAIN,R01-C-42,10048879,ROLLER,ROLLER,01 HIGH,18.509555,4,EA,2,3,Above Max,1,74.03822,0,0,0,,,,
,CALIFORNIA,,SITE_H,SITE_H-MAIN,R01-D-01,3211303,GUARD,GUARD,02 MED,11.17,20,EA,1,2,Above Max,18,223.4,0,0,0,,,,
,CALIFORNIA,,SITE_H,SITE_H-MAIN,R01-D-11,1115750,LABEL,LABEL,01 HIGH,5.6,8,FT,1,2,Above Max,6,44.8,0,0,0,,,,
,CALIFORNIA,,SITE_H,SITE_H-MAIN,R01-D-17,3040650,BELT,BELT,01 HIGH,3583.48,3,EA,1,2,Above Max,1,10750.44,0,0,0,,,,
,CALIFORNIA,,SITE_H,SITE_H-MAIN,R01-E-09,1115753,BELT,BELT,01 HIGH,80.81,72,EA,9,18,Above Max,54,5818.32,0,0,0,,,,
,CALIFORNIA,,SITE_H,SITE_H-MAIN,R01-E-10,1115746,ROLLER,ROLLER,02 MED,96.283333,3,EA,1,2,Above Max,1,288.849999,0,0,0,,,,
,CALIFORNIA,,SITE_H,SITE_H-MAIN,R01-E-11,1115747,ROLLER,ROLLER,02 MED,106.02,4,EA,1,2,Above Max,2,424.08,0,0,0,,,,
,CALIFORNIA,,SITE_H,SITE_H-MAIN,R01-E-14,3219007,SHAFT,SHAFT,02 MED,113.43,5,EA,0,1,Above Max,4,567.15,0,0,0,,,,
,CALIFORNIA,,SITE_I,SITE_I-MAIN,A01-A-01,3040641,BELT,BELT,02 MED,1511.16,6,EA,1,4,Above Max,2,9066.96,0,0,0,,,,
,CALIFORNIA,,SITE_I,SITE_I-MAIN,A01-B-03,3040643,BELT,BELT,01 HIGH,1443.15,5,EA,1,4,Above Max,1,7215.75,0,0,0,,,,
,CALIFORNIA,,SITE_I,SITE_I-MAIN,A01-C-02,1061751,BELT,BELT,02 MED,289.26,6,EA,1,4,Above Max,2,1735.56,0,0,0,,,,
,CALIFORNIA,,SITE_I,SITE_I-MAIN,A01-C-06,1066729,CONVEYOR,CONVEYOR,02 MED,605.24,5,EA,3,4,Above Max,1,3026.2,0,0,0,,,,
,CALIFORNIA,,SITE_I,SITE_I-MAIN,A01-D-04,1059856,BREAKER,BREAKER,01 HIGH,191.26,2,EA,0,1,Above Max,1,382.52,0,0,0,,,,
,CALIFORNIA,,SITE_I,SITE_I-MAIN,A01-D-11,1004773,ROLLER,ROLLER,02 MED,329.157014,4,EA,0,1,Above Max,3,1316.628056,0,0,0,,,,
,CALIFORNIA,,SITE_I,SITE_I-MAIN,A01-E-09,1067703,ELEC,ELEC,01 HIGH,335.1,2,EA,0,1,Above Max,1,670.2,0,0,0,,,,
,CALIFORNIA,,SITE_I,SITE_I-MAIN,A01-E-12,3246521,LIGHT,LIGHT,03 LOW,198.236236,5,EA,1,2,Above Max,3,991.18118,0,0,0,,,,
,CALIFORNIA,,SITE_I,SITE_I-MAIN,A02-C-03,3410474,ROLLER,ROLLER,02 MED,80.266667,6,EA,0,1,Above Max,5,481.600002,2,2,1,,,,
,CALIFORNIA,,SITE_I,SITE_I-MAIN,A02-D-02,1066670,CARD,CARD,02 MED,3255.493333,3,EA,1,2,Above Max,1,9766.479999,0,0,0,,,,
,CALIFORNIA,,SITE_I,SITE_I-MAIN,A02-D-05,1064031,ROLLER,ROLLER,02 MED,324.58,3,EA,0,1,Above Max,2,973.74,0,0,0,,,,
,CALIFORNIA,,SITE_I,SITE_I-MAIN,A02-E-03,1004778,ROLLER,ROLLER,01 HIGH,339.888889,3,EA,1,2,Above Max,1,1019.666667,0,0,0,,,,
,CALIFORNIA,,SITE_I,SITE_I-MAIN,A02-E-08,1004786,ROLLER,ROLLER,02 MED,25.45,4,EA,1,2,Above Max,2,101.8,0,0,0,,,,
,CALIFORNIA,,SITE_I,SITE_I-MAIN,A03-B-02,1066732,CONVEYOR,CONVEYOR,02 MED,629.05,5,EA,1,2,Above Max,3,3145.25,0,0,0,,,,
,CALIFORNIA,,SITE_I,SITE_I-MAIN,A03-B-15,3153105,SHAFT,SHAFT,01 HIGH,304.59,4,EA,2,3,Above Max,1,1218.36,0,0,0,,,,
,CALIFORNIA,,SITE_I,SITE_I-MAIN,A03-B-17,1066740,ROLLER,ROLLER,02 MED,37.72,5,EA,3,4,Above Max,1,188.6,0,0,0,,,,
,CALIFORNIA,,SITE_I,SITE_I-MAIN,A03-B-18,1066734,CONVEYOR,CONVEYOR,02 MED,194.81,13,EA,3,4,Above Max,9,2532.53,0,0,0,,,,
,CALIFORNIA,,SITE_I,SITE_I-MAIN,A03-C-03,3040661,ROLLER,ROLLER,02 MED,124.94,3,EA,1,2,Above Max,1,374.82,0,0,0,,,,
,CALIFORNIA,,SITE_I,SITE_I-MAIN,A03-C-08,3056954,ROLLER,ROLLER,02 MED,34.03,4,EA,1,2,Above Max,2,136.12,0,0,0,,,,
,CALIFORNIA,,SITE_I,SITE_I-MAIN,A03-C-09,3056953,ROLLER,ROLLER,02 MED,33.11,6,EA,3,4,Above Max,2,198.66,0,0,0,,,,
,CALIFORNIA,,SITE_I,SITE_I-MAIN,A03-D-04,1066700,ROLLER,ROLLER,02 MED,209.61,4,EA,1,2,Above Max,2,838.44,0,0,0,,,,
,CALIFORNIA,,SITE_I,SITE_I-MAIN,A03-D-20,541055,ROLLER,ROLLER,01 HIGH,92.92,4,EA,1,2,Above Max,2,371.68,0,0,0,,,,
,CALIFORNIA,,SITE_I,SITE_I-MAIN,A03-E-10,3036907,BELT,BELT,02 MED,6533.419391,11,EA,1,10,Above Max,1,71867.6133,260,2,1,,,,
,CALIFORNIA,,SITE_I,SITE_I-MAIN,A03-E-15,3056946,ROLLER,ROLLER,02 MED,52.68,2,EA,0,1,Above Max,1,105.36,0,0,0,,,,
,CALIFORNIA,,SITE_I,SITE_I-MAIN,A03-E-17,3056955,ROLLER,ROLLER,02 MED,34.72,3,EA,0,1,Above Max,2,104.16,0,0,0,,,,
,CALIFORNIA,,SITE_I,SITE_I-MAIN,A03-E-20,3040664,ROLLER,ROLLER,02 MED,126.17,2,EA,0,1,Above Max,1,252.34,0,0,0,,,,
,CALIFORNIA,,SITE_I,SITE_I-MAIN,A04-A-02,1066675,BEARING,BEARING,02 MED,21.235,4,EA,1,2,Above Max,2,84.94,0,0,0,,,,
,CALIFORNIA,,SITE_I,SITE_I-MAIN,A04-A-07,3249173,LATCH,LATCH,03 LOW,12.388929,3,EA,1,2,Above Max,1,37.166787,0,0,0,,,,
,CALIFORNIA,,SITE_I,SITE_I-MAIN,A04-A-09,1066760,LIGHT,LIGHT,03 LOW,114.563333,3,EA,1,2,Above Max,1,343.689999,0,0,0,,,,
,CALIFORNIA,,SITE_I,SITE_I-MAIN,A04-A-10,1066674,BEARING,BEARING,02 MED,9.786667,3,EA,1,2,Above Max,1,29.360001,0,0,0,,,,
,CALIFORNIA,,SITE_I,SITE_I-MAIN,A04-A-12,3041570,ADHESIVE,ADHESIVE,03 LOW,3.86,3,EA,1,2,Above Max,1,11.58,0,0,0,,,,
,CALIFORNIA,,SITE_I,SITE_I-MAIN,A04-A-14,1066713,ROLLER,ROLLER,02 MED,15.35,3,EA,1,2,Above Max,1,46.05,0,0,0,,,,
,CALIFORNIA,,SITE_I,SITE_I-MAIN,A04-A-20,1066671,SENSOR,SENSOR,02 MED,129.53,4,EA,1,2,Above Max,2,518.12,0,0,0,,,,
,CALIFORNIA,,SITE_I,SITE_I-MAIN,A04-B-02,77069Z,PSHBUTON,PSHBUTON,02 MED,18.61,2,EA,0,1,Above Max,1,37.22,0,0,0,,,,
,CALIFORNIA,,SITE_I,SITE_I-MAIN,A04-B-09,3040723,BUTTON,BUTTON,02 MED,7.292857,2,EA,0,1,Above Max,1,14.585714,0,0,0,,,,
,CALIFORNIA,,SITE_I,SITE_I-MAIN,A04-B-15,3040727,LIGHT,LIGHT,02 MED,15.823927,4,EA,2,3,Above Max,1,63.295708,0,0,0,,,,
,CALIFORNIA,,SITE_I,SITE_I-MAIN,A04-B-18,3040639,BELT,BELT,01 HIGH,29.449486,7,EA,1,4,Above Max,3,206.146402,4,2,1,,,,
,CALIFORNIA,,SITE_I,SITE_I-MAIN,A04-B-19,1125754,SENSOR,SENSOR,01 HIGH,115.476,5,EA,1,2,Above Max,3,577.38,48,2,1,,,,
,CALIFORNIA,,SITE_I,SITE_I-MAIN,A04-C-16,1066736,CONVEYOR,CONVEYOR,02 MED,776.44,18,EA,2,3,Above Max,15,13975.92,0,0,0,,,,
,CALIFORNIA,,SITE_I,SITE_I-MAIN,A04-C-17,48726,BLOCK,BLOCK,03 LOW,48.265,3,EA,1,2,Above Max,1,144.795,0,0,0,,,,
,CALIFORNIA,,SITE_I,SITE_I-MAIN,A04-C-19,73755,BUTTON,BUTTON,02 MED,18.867778,4,EA,2,3,Above Max,1,75.471112,0,0,0,,,,
,CALIFORNIA,,SITE_I,SITE_I-MAIN,A04-C-20,10049265,MODULE,MODULE,02 MED,34.31,4,EA,0,1,Above Max,3,137.24,0,0,0,,,,
,CALIFORNIA,,SITE_I,SITE_I-MAIN,A04-D-05,1064144,BELT,BELT,01 HIGH,24.34417,7,EA,1,4,Above Max,3,170.40919,0,0,0,,,,
,CALIFORNIA,,SITE_I,SITE_I-MAIN,A04-D-13,1066687,SENSOR,SENSOR,02 MED,190.883333,3,EA,0,1,Above Max,2,572.649999,0,0,0,,,,
,CALIFORNIA,,SITE_I,SITE_I-MAIN,A04-D-19,1063245,SENSOR,SENSOR,02 MED,358.878,2,EA,0,1,Above Max,1,717.756,12,2,1,,,,
,CALIFORNIA,,SITE_I,SITE_I-MAIN,A04-D-20,N39435,MODULE,MODULE,02 MED,38.4825,8,EA,2,5,Above Max,3,307.86,0,0,0,,,,
,CALIFORNIA,,SITE_I,SITE_I-MAIN,A04-E-03,10049273,CHAIN,CHAIN,02 MED,6.07,4,EA,2,3,Above Max,1,24.28,0,0,0,,,,
,CALIFORNIA,,SITE_I,SITE_I-MAIN,A04-E-05,92327,BUTTON,BUTTON,02 MED,33.63,4,EA,2,3,Above Max,1,134.52,0,0,0,,,,
,CALIFORNIA,,SITE_I,SITE_I-MAIN,A04-E-06,1112415,PHOTOEYE,PHOTOEYE,01 HIGH,275.67,2,EA,0,1,Above Max,1,551.34,0,0,0,,,,
,CALIFORNIA,,SITE_I,SITE_I-MAIN,A04-E-25,3249174,MOUNT,MOUNT,02 MED,24.213333,3,EA,1,2,Above Max,1,72.639999,0,0,0,,,,
,CALIFORNIA,,SITE_I,SITE_I-MAIN,A05-A-19,3040704,TRACK,TRACK,02 MED,93.976667,5,EA,1,2,Above Max,3,469.883335,0,0,0,,,,
,CALIFORNIA,,SITE_I,SITE_I-MAIN,A05-B-01,58577,BREAKER,BREAKER,02 MED,95.59,4,EA,2,3,Above Max,1,382.36,0,0,0,,,,
,CALIFORNIA,,SITE_I,SITE_I-MAIN,A05-B-02,30019,FUSE,FUSE,02 MED,37.685,3,EA,1,2,Above Max,1,113.055,0,0,0,,,,
,CALIFORNIA,,SITE_I,SITE_I-MAIN,A05-B-05,85949Z,FUSE,FUSE,03 LOW,5.52,6,EA,3,4,Above Max,2,33.12,0,0,0,,,,
,CALIFORNIA,,SITE_I,SITE_I-MAIN,A05-B-09,1066701,BELT,BELT,02 MED,115.52,13,EA,3,9,Above Max,4,1501.76,0,0,0,,,,
,CALIFORNIA,,SITE_I,SITE_I-MAIN,A05-B-11,1066742,BELT,BELT,02 MED,15.157143,14,EA,2,7,Above Max,7,212.200002,0,0,0,,,,
,CALIFORNIA,,SITE_I,SITE_I-MAIN,A05-B-16,3249165,MOUNT,MOUNT,03 LOW,24.416,5,EA,1,2,Above Max,3,122.08,0,0,0,,,,
,CALIFORNIA,,SITE_I,SITE_I-MAIN,A05-E-01,1004794,CASTER,CASTER,03 LOW,44.075043,4,EA,1,2,Above Max,2,176.300172,0,0,0,,,,
,CALIFORNIA,,SITE_I,SITE_I-MAIN,A05-E-08,1070408,MODULE,MODULE,02 MED,3932.9655,2,EA,0,1,Above Max,1,7865.931,2,2,1,,,,
,CALIFORNIA,,SITE_I,SITE_I-MAIN,A05-E-10,1066755,BELT,BELT,02 MED,28.11,5,EA,1,2,Above Max,3,140.55,0,0,0,,,,
,CALIFORNIA,,SITE_I,SITE_I-MAIN,A05-F-12,N33140,DRIVE,DRIVE,01 HIGH,122.03,4,EA,2,3,Above Max,1,488.12,0,0,0,,,,
,CALIFORNIA,,SITE_I,SITE_I-MAIN,A05-F-19,3040703,SPOOL,SPOOL,02 MED,38.57,4,EA,2,3,Above Max,1,154.28,0,0,0,,,,
,CALIFORNIA,,SITE_I,SITE_I-MAIN,A06-A-02,1066752,BELT,BELT,02 MED,33.1964,5,EA,1,2,Above Max,3,165.982,0,0,0,,,,
,CALIFORNIA,,SITE_I,SITE_I-MAIN,A06-A-03,1066753,BELT,BELT,02 MED,33.16,5,EA,1,2,Above Max,3,165.8,0,0,0,,,,
,CALIFORNIA,,SITE_I,SITE_I-MAIN,A06-A-08,3249147,PLC,PLC,02 MED,455.90475,2,1,0,1,Above Max,1,911.8095,2,2,1,,,,
,CALIFORNIA,,SITE_I,SITE_I-MAIN,A06-A-20,1066747,TENSIONR,TENSIONR,02 MED,137.59,3,EA,1,2,Above Max,1,412.77,0,0,0,,,,
,CALIFORNIA,,SITE_I,SITE_I-MAIN,A06-A-21,1066746,TENSIONR,TENSIONR,02 MED,137.59,5,EA,3,4,Above Max,1,687.95,0,0,0,,,,
,CALIFORNIA,,SITE_I,SITE_I-MAIN,A06-A-23,1111160,SENSOR,SENSOR,02 MED,961.78,2,EA,0,1,Above Max,1,1923.56,0,0,0,,,,
,CALIFORNIA,,SITE_I,SITE_I-MAIN,A06-B-03,24250,BELT,BELT,01 HIGH,158.481667,6,EA,1,3,Above Max,3,950.890002,0,0,0,,,,
,CALIFORNIA,,SITE_I,SITE_I-MAIN,A06-B-11,3241826,CABLE,CABLE,01 HIGH,528,3,EA,0,1,Above Max,2,1584,0,0,0,,,,
,CALIFORNIA,,SITE_I,SITE_I-MAIN,A06-B-13,1066730,CONVEYOR,CONVEYOR,02 MED,91.61,6,EA,3,4,Above Max,2,549.66,0,0,0,,,,
,CALIFORNIA,,SITE_I,SITE_I-MAIN,A06-C-01,1067480,ADAPTER,ADAPTER,02 MED,25.92,7,EA,1,2,Above Max,5,181.44,0,0,0,,,,
,CALIFORNIA,,SITE_I,SITE_I-MAIN,A06-C-02,1066754,BELT,BELT,02 MED,37.6932,5,EA,1,2,Above Max,3,188.466,0,0,0,,,,
,CALIFORNIA,,SITE_I,SITE_I-MAIN,A06-C-08,1004818,SENSOR,SENSOR,03 LOW,557.38,4,EA,1,2,Above Max,2,2229.52,0,0,0,,,,
,CALIFORNIA,,SITE_I,SITE_I-MAIN,A06-C-20,1002074,FUSE,FUSE,02 MED,31.374,5,EA,2,3,Above Max,2,156.87,0,0,0,,,,
,CALIFORNIA,,SITE_I,SITE_I-MAIN,A06-C-24,22945,FUSE,FUSE,03 LOW,23.79,4,EA,0,1,Above Max,3,95.16,0,0,0,,,,
,CALIFORNIA,,SITE_I,SITE_I-MAIN,A06-C-26,1072404,FUSE,FUSE,02 MED,13.89,4,EA,1,2,Above Max,2,55.56,0,0,0,,,,
,CALIFORNIA,,SITE_I,SITE_I-MAIN,A06-C-28,3093438,CABLE,CABLE,02 MED,71,4,EA,1,3,Above Max,1,284,0,0,0,,,,
,CALIFORNIA,,SITE_I,SITE_I-MAIN,A07-D-02,3055424,CABLE,CABLE,02 MED,202.62,5,EA,1,2,Above Max,3,1013.1,0,0,0,,,,
,CALIFORNIA,,SITE_I,SITE_I-MAIN,A07-D-03,1066733,CONVEYOR,CONVEYOR,02 MED,622.09,3,EA,1,2,Above Max,1,1866.27,0,0,0,,,,
,CALIFORNIA,,SITE_I,SITE_I-MAIN,A07-D-04,1066737,CONVEYOR,CONVEYOR,02 MED,683.41,3,EA,1,2,Above Max,1,2050.23,0,0,0,,,,
,CALIFORNIA,,SITE_I,SITE_I-MAIN,A07-E-01,1066764,FILTER,FILTER,02 MED,148.74,2,EA,0,1,Above Max,1,297.48,0,0,0,,,,
,CALIFORNIA,,SITE_I,SITE_I-MAIN,A07-F-03,N40144,CAMERA,CAMERA,02 MED,6652.0075,4,EA,1,2,Above Max,2,26608.03,0,0,0,,,,
,CALIFORNIA,,SITE_I,SITE_I-MAIN,A08-A-02,1064145,BELT,BELT,03 LOW,126.357143,7,EA,1,4,Above Max,3,884.500001,0,0,0,,,,
,CALIFORNIA,,SITE_I,SITE_I-MAIN,A08-B-02,1066697,CABLE,CABLE,02 MED,26.666667,3,EA,1,2,Above Max,1,80.000001,0,0,0,,,,
,CALIFORNIA,,SITE_I,SITE_I-MAIN,A08-B-03,10048978,CABLE,CABLE,02 MED,35.791,3,EA,1,2,Above Max,1,107.373,2,2,1,,,,
,CALIFORNIA,,SITE_I,SITE_I-MAIN,A08-B-05,1067473,CABLE,CABLE,02 MED,207.443333,3,EA,1,2,Above Max,1,622.329999,0,0,0,,,,
,CALIFORNIA,,SITE_I,SITE_I-MAIN,A08-B-06,10049042,CABLE,CABLE,02 MED,221.07,2,EA,0,1,Above Max,1,442.14,2,2,1,,,,
,CALIFORNIA,,SITE_I,SITE_I-MAIN,A08-C-04,1067468,HARDWARE,HARDWARE,02 MED,1225.58,2,EA,0,1,Above Max,1,2451.16,0,0,0,,,,
,CALIFORNIA,,SITE_I,SITE_I-MAIN,A08-D-05,1066279,BREAKER,BREAKER,01 HIGH,1736.6,2,EA,0,1,Above Max,1,3473.2,0,0,0,,,,
,CALIFORNIA,,SITE_I,SITE_I-MAIN,A08-F-03,3249153,DRIVE,DRIVE,02 MED,524.54,2,EA,0,1,Above Max,1,1049.08,0,0,0,,,,
,CALIFORNIA,,SITE_I,SITE_I-MAIN,A09-A-01,3012848,PEDAL,PEDAL,03 LOW,8.1,42,EA,3,13,Above Max,29,340.2,0,0,0,,,,
,CALIFORNIA,,SITE_I,SITE_I-MAIN,A09-B-02,3012849,WHEEL,WHEEL,03 LOW,10.66,40,EA,9,19,Above Max,21,426.4,0,0,0,,,,
,CALIFORNIA,,SITE_I,SITE_I-MAIN,A09-B-02,3012850,PEDAL,PEDAL,03 LOW,33.01,100,PR,5,15,Above Max,85,3301,0,0,0,,,,
,CALIFORNIA,,SITE_J,SITE_J-MAIN,A01-D-03,3266572,CLAMP,CLAMP,03 LOW,68.6,2,EA,0,1,Above Max,1,137.2,0,0,0,,,,
,CALIFORNIA,,SITE_J,SITE_J-MAIN,A01-D-12,3257922,BELT,BELT,01 HIGH,389.333333,5,EA,1,2,Above Max,3,1946.666665,0,0,0,,,,
,CALIFORNIA,,SITE_J,SITE_J-MAIN,A02-G-06,1063245,SENSOR,SENSOR,01 HIGH,173,2,EA,0,1,Above Max,1,346,18,3,1,,,,
,CALIFORNIA,,SITE_J,SITE_J-MAIN,A03-C-13,3174475,CABLE,CABLE,01 HIGH,78.396667,2,EA,0,1,Above Max,1,156.793334,0,0,0,,,,
,CALIFORNIA,,SITE_J,SITE_J-MAIN,A03-E-08,3411218,SWITCH,SWITCH,01 HIGH,325,2,EA,0,1,Above Max,1,650,0,0,0,,,,
,CALIFORNIA,,SITE_J,SITE_J-MAIN,A07-K-02,14568,FUSE,FUSE,03 LOW,30.4875,4,EA,2,3,Above Max,1,121.95,0,0,0,,,,
,CALIFORNIA,,SITE_J,SITE_J-MAIN,A07-L-01,1071211,COUPLER,COUPLER,01 HIGH,140,3,EA,0,1,Above Max,2,420,0,0,0,,,,
,CALIFORNIA,,SITE_J,SITE_J-MAIN,A08-E-01,3311498,CABLE,CABLE,03 LOW,167,2,EA,0,1,Above Max,1,334,0,0,0,,,,
,CALIFORNIA,,SITE_J,SITE_J-MAIN,A08-I-02,N14007,CONTROL,CONTROL,03 LOW,490.61,8,EA,0,1,Above Max,7,3924.88,0,0,0,,,,
,CALIFORNIA,,SITE_J,SITE_J-MAIN,A10-E-03,3438614,CABLE,CABLE,02 MED,15.5,59,FT,7,30,Above Max,29,914.5,0,0,0,,,,
,CALIFORNIA,,SITE_J,SITE_J-MAIN,A14-E-02,3001300,CONTROL,CONTROL,01 HIGH,85.75,2,EA,0,1,Above Max,1,171.5,0,0,0,,,,
,CALIFORNIA,,SITE_K,SITE_K-MAIN,A01-C-05,3465276,BATTERY,BATTERY,01 HIGH,1812,2,EA,0,1,Above Max,1,3624,0,0,0,,,,
,CALIFORNIA,,SITE_K,SITE_K-MAIN,A02-A-01,85922Z,GEARMTR,GEARMTR,01 HIGH,479.033366,3,EA,0,2,Above Max,1,1437.100098,220,110,2,,,,
,CALIFORNIA,,SITE_K,SITE_K-MAIN,A02-B-03,48007,CABLE,CABLE,01 HIGH,160.73,5,EA,1,2,Above Max,3,803.65,0,0,0,,,,
,CALIFORNIA,,SITE_K,SITE_K-MAIN,A02-C-03,1064029,CORD,CORD,01 HIGH,26.896,5,EA,3,4,Above Max,1,134.48,0,0,0,,,,
,CALIFORNIA,,SITE_K,SITE_K-MAIN,A02-D-02,44939,PLUMB,PLUMB,02 MED,22.4925,4,EA,0,2,Above Max,2,89.97,0,0,0,,,,
,CALIFORNIA,,SITE_K,SITE_K-MAIN,A02-G-03,53973,RELAY,RELAY,03 LOW,18.45,5,EA,0,1,Above Max,4,92.25,0,0,0,,,,
,CALIFORNIA,,SITE_K,SITE_K-MAIN,A02-G-05,N35373Z,RESISTOR,RESISTOR,03 LOW,4.25,5,EA,2,3,Above Max,2,21.25,110,110,2,,,,
,CALIFORNIA,,SITE_K,SITE_K-MAIN,A02-G-06,98177,RELAY,RELAY,01 HIGH,62.655,5,EA,3,4,Above Max,1,313.275,0,0,0,,,,
,CALIFORNIA,,SITE_K,SITE_K-MAIN,A03-C-04,3249147,PLC,PLC,01 HIGH,324.47,2,1,0,1,Above Max,1,648.94,2,2,1,,,,
,CALIFORNIA,,SITE_K,SITE_K-MAIN,A06-A-01,3012851,WHEEL,WHEEL,03 LOW,11.01,101,EA,8,18,Above Max,83,1112.01,0,0,0,,,,
,CALIFORNIA,,SITE_K,SITE_K-MAIN,A06-C-06,3211322,GUARD,GUARD,02 MED,10.26,73,EA,5,20,Above Max,53,748.98,0,0,0,,,,
,CALIFORNIA,,SITE_K,SITE_K-MAIN,A06-C-07,3211303,GUARD,GUARD,02 MED,11.17,36,EA,5,33,Above Max,3,402.12,0,0,0,,,,
,CALIFORNIA,,SITE_K,SITE_K-MAIN,A06-C-13,3012848,PEDAL,PEDAL,03 LOW,8.1,70,EA,10,20,Above Max,50,567,0,0,0,,,,
,CALIFORNIA,,SITE_K,SITE_K-MAIN,A06-D-01,N34991Z,ROLLER,ROLLER,01 HIGH,42.84,4,EA,1,2,Above Max,2,171.36,0,0,0,,,,
,CALIFORNIA,,SITE_K,SITE_K-MAIN,A06-E-01,N37012Z,ROLLER,ROLLER,01 HIGH,74.111,5,EA,2,3,Above Max,2,370.555,0,0,0,,,,
,CALIFORNIA,,SITE_K,SITE_K-MAIN,A06-E-04,41931Z,ROLLER,ROLLER,01 HIGH,173.775,4,EA,1,2,Above Max,2,695.1,0,0,0,,,,
,CALIFORNIA,,SITE_L,SITE_L-MAIN,A01-A-01,86597Z,CASTER,CASTER,03 LOW,33.15,8,EA,1,3,Above Max,5,265.2,460,115,1,,,,
,CALIFORNIA,,SITE_L,SITE_L-MAIN,A01-A-07,3012851,WHEEL,WHEEL,03 LOW,11.01,30,EA,2,3,Above Max,27,330.3,0,0,0,,,,
,CALIFORNIA,,SITE_L,SITE_L-MAIN,A01-C-02,41846Z,ROLLER,ROLLER,01 HIGH,28.92,5,EA,1,2,Above Max,3,144.6,0,0,0,,,,
,CALIFORNIA,,SITE_L,SITE_L-MAIN,A01-C-03,1071381,ROLLER,ROLLER,03 LOW,33.2,5,EA,1,2,Above Max,3,166,0,0,0,,,,
,CALIFORNIA,,SITE_L,SITE_L-MAIN,A01-C-05,1071604,ROLLER,ROLLER,01 HIGH,26.93,6,EA,3,4,Above Max,2,161.58,0,0,0,,,,
,CALIFORNIA,,SITE_L,SITE_L-MAIN,A01-C-07,10048879,ROLLER,ROLLER,01 HIGH,17.916073,4,EA,1,3,Above Max,1,71.664292,0,0,0,,,,
,CALIFORNIA,,SITE_L,SITE_L-MAIN,A01-C-08,3067584,ROLLER,ROLLER,01 HIGH,18.18,4,EA,1,2,Above Max,2,72.72,0,0,0,,,,
,CALIFORNIA,,SITE_L,SITE_L-MAIN,A01-C-09,1117343,ROLLER,ROLLER,01 HIGH,15.41,4,EA,2,3,Above Max,1,61.64,0,0,0,,,,
,CALIFORNIA,,SITE_L,SITE_L-MAIN,A01-C-10,86552Z,ROLLER,ROLLER,01 HIGH,14.04,4,EA,1,3,Above Max,1,56.16,0,0,0,,,,
,CALIFORNIA,,SITE_L,SITE_L-MAIN,A01-C-12,3211316,GUARD,GUARD,02 MED,19.59,29,EA,2,3,Above Max,26,568.11,0,0,0,,,,
,CALIFORNIA,,SITE_L,SITE_L-MAIN,A01-C-16,3211304,GUARD,GUARD,02 MED,17.52,25,EA,2,3,Above Max,22,438,0,0,0,,,,
,CALIFORNIA,,SITE_L,SITE_L-MAIN,A01-D-04,3067699,WIRE,WIRE,03 LOW,4.28,4,EA,1,2,Above Max,2,17.12,0,0,0,,,,
,CALIFORNIA,,SITE_L,SITE_L-MAIN,A01-D-05,3211322,GUARD,GUARD,02 MED,10.26,72,EA,2,3,Above Max,69,738.72,0,0,0,,,,
,CALIFORNIA,,SITE_L,SITE_L-MAIN,A01-D-06,3211303,GUARD,GUARD,02 MED,11.17,103,EA,2,3,Above Max,100,1150.51,0,0,0,,,,
,CALIFORNIA,,SITE_L,SITE_L-MAIN,A02-G-01,3211325,GUARD,GUARD,02 MED,26.29,22,EA,2,3,Above Max,19,578.38,0,0,0,,,,
,CALIFORNIA,,SITE_L,SITE_L-MAIN,A02-H-04,3211312,GUARD,GUARD,02 MED,13.06,15,EA,2,3,Above Max,12,195.9,0,0,0,,,,
,CALIFORNIA,,SITE_L,SITE_L-MAIN,A02-I-01,3067652,BUTTON,BUTTON,02 MED,210.11,5,EA,1,2,Above Max,3,1050.55,0,0,0,,,,
,CALIFORNIA,,SITE_L,SITE_L-MAIN,A02-I-04,1059197,GRIPPER,GRIPPER,03 LOW,335.23,4,EA,1,3,Above Max,1,1340.92,0,0,0,,,,
,CALIFORNIA,,SITE_L,SITE_L-MAIN,A06-A-02,1064015,CABLE,CABLE,02 MED,835.8,3,EA,1,2,Above Max,1,2507.4,0,0,0,,,,
,CALIFORNIA,,SITE_L,SITE_L-MAIN,A06-A-04,1063984,ROLLER,ROLLER,03 LOW,4.44,10,EA,2,3,Above Max,7,44.4,0,0,0,,,,
,CALIFORNIA,,SITE_L,SITE_L-MAIN,A06-B-04,86624Z,CORD,CORD,02 MED,38.892727,21,EA,2,4,Above Max,17,816.747267,114,114,1,,,,
,CALIFORNIA,,SITE_L,SITE_L-MAIN,A06-C-07,86595Z,CASTER,CASTER,02 MED,10.3,24,EA,2,3,Above Max,21,247.2,460,115,1,,,,
,CALIFORNIA,,SITE_L,SITE_L-MAIN,A06-C-08,1064011,SPOOL,SPOOL,03 LOW,6.27,10,EA,1,3,Above Max,7,62.7,0,0,0,,,,
,CALIFORNIA,,SITE_L,SITE_L-MAIN,A06-D-04,1064002,CABLE,CABLE,03 LOW,4.83,10,EA,1,3,Above Max,7,48.3,0,0,0,,,,
,CALIFORNIA,,SITE_L,SITE_L-MAIN,A06-D-06,1064010,HANDLE,HANDLE,03 LOW,9.24,4,EA,2,3,Above Max,1,36.96,0,0,0,,,,
,CALIFORNIA,,SITE_L,SITE_L-MAIN,A06-D-07,58540,CABLE,CABLE,03 LOW,26.135,4,EA,1,2,Above Max,2,104.54,0,0,0,,,,
,CALIFORNIA,,SITE_L,SITE_L-MAIN,A06-D-11,86627Z,CONNECT,CONNECT,02 MED,54.15,32,EA,2,4,Above Max,28,1732.8,0,0,0,,,,
,CALIFORNIA,,SITE_L,SITE_L-MAIN,A06-E-05,1003084Z,CABLE,CABLE,02 MED,54.33,3,EA,1,2,Above Max,1,162.99,0,0,0,,,,
,CALIFORNIA,,SITE_L,SITE_L-MAIN,A06-F-11,1061372,FASTENER,FASTENER,03 LOW,4.17,7,EA,2,3,Above Max,4,29.19,690,115,1,,,,
,CALIFORNIA,,SITE_L,SITE_L-MAIN,A06-F-13,1061369,WASHER,WASHER,03 LOW,1.1,6,EA,2,4,Above Max,2,6.6,690,115,1,,,,
,CALIFORNIA,,SITE_L,SITE_L-MAIN,A06-F-14,3223859,ADAPTER,ADAPTER,02 MED,35.86,8,EA,2,4,Above Max,4,286.88,0,0,0,,,,
,CALIFORNIA,,SITE_L,SITE_L-MAIN,A06-G-07,1061374,SCREW,SCREW,03 LOW,1.02,7,EA,2,3,Above Max,4,7.14,0,0,0,,,,
,CALIFORNIA,,SITE_L,SITE_L-MAIN,A06-G-08,1071553,PLATE,PLATE,03 LOW,8.016667,4,EA,2,3,Above Max,1,32.066668,0,0,0,,,,
,CALIFORNIA,,SITE_M,SITE_M-MAIN,*,1069771,ROLLER,ROLLER,02 MED,137.808889,18,EA,5,10,Above Max,8,2480.560002,0,0,0,,,,
,CALIFORNIA,,SITE_M,SITE_M-MAIN,*,3246521,LIGHT,LIGHT,02 MED,225.96,6,EA,2,4,Above Max,2,1355.76,0,0,0,,,,
,CALIFORNIA,,SITE_M,SITE_M-MAIN,A01-A-01,3041568,CASTER,CASTER,02 MED,16.75,3,EA,1,2,Above Max,1,50.25,0,0,0,,,,
,CALIFORNIA,,SITE_M,SITE_M-MAIN,A01-A-03,10049167,CONTROL,CONTROL,02 MED,1092.146667,3,EA,1,2,Above Max,1,3276.440001,0,0,0,,,,
,CALIFORNIA,,SITE_M,SITE_M-MAIN,A01-A-05,10049139,CONTROL,CONTROL,02 MED,829.493333,3,EA,1,2,Above Max,1,2488.479999,0,0,0,,,,
,CALIFORNIA,,SITE_M,SITE_M-MAIN,A01-B-01,1072155,MODULE,MODULE,03 LOW,4420.850333,3,EA,1,2,Above Max,1,13262.551,0,0,0,,,,
,CALIFORNIA,,SITE_M,SITE_M-MAIN,A01-B-04,3067652,BUTTON,BUTTON,02 MED,210.11,4,EA,2,3,Above Max,1,840.44,0,0,0,,,,
,CALIFORNIA,,SITE_M,SITE_M-MAIN,A01-B-05,3040645,HORN,HORN,02 MED,523.351429,3,EA,1,2,Above Max,1,1570.054287,0,0,0,,,,
,CALIFORNIA,,SITE_M,SITE_M-MAIN,A01-C-03,1117682,LIGHT,LIGHT,02 MED,69.506667,3,EA,1,2,Above Max,1,208.520001,0,0,0,,,,
,CALIFORNIA,,SITE_M,SITE_M-MAIN,A01-C-09,3056253,MODULE,MODULE,02 MED,88.726667,3,EA,1,2,Above Max,1,266.180001,0,0,0,,,,
,CALIFORNIA,,SITE_M,SITE_M-MAIN,A01-C-11,3056053,SUPPORT,SUPPORT,02 MED,58.6792,3,EA,1,2,Above Max,1,176.0376,0,0,0,,,,
,CALIFORNIA,,SITE_M,SITE_M-MAIN,A01-C-14,1062920,TOOL,TOOL,02 MED,875.306667,3,EA,1,2,Above Max,1,2625.920001,0,0,0,,,,
,CALIFORNIA,,SITE_M,SITE_M-MAIN,A01-D-06,3056963,ROLLER,ROLLER,02 MED,27.523333,3,EA,1,2,Above Max,1,82.569999,0,0,0,,,,
,CALIFORNIA,,SITE_M,SITE_M-MAIN,A01-D-12,3040731,BEARING,BEARING,01 HIGH,9.27,6,EA,1,4,Above Max,2,55.62,0,0,0,,,,
,CALIFORNIA,,SITE_M,SITE_M-MAIN,A01-E-06,3249156,RECEPT,RECEPT,02 MED,284.495185,6,EA,3,4,Above Max,2,1706.97111,0,0,0,,,,
,CALIFORNIA,,SITE_M,SITE_M-MAIN,A01-E-07,1122426,MODULE,MODULE,02 MED,881.029524,3,EA,1,2,Above Max,1,2643.088572,0,0,0,,,,
,CALIFORNIA,,SITE_M,SITE_M-MAIN,A01-E-09,1071541,CONTROL,CONTROL,02 MED,313.37,3,EA,1,2,Above Max,1,940.11,0,0,0,,,,
,CALIFORNIA,,SITE_M,SITE_M-MAIN,A01-E-11,10049154,SPOOL,SPOOL,02 MED,80.116667,3,EA,1,2,Above Max,1,240.350001,0,0,0,,,,
,CALIFORNIA,,SITE_M,SITE_M-MAIN,A01-F-03,3040627,BREAKER,BREAKER,02 MED,223.65,3,EA,1,2,Above Max,1,670.95,0,0,0,,,,
,CALIFORNIA,,SITE_M,SITE_M-MAIN,A01-F-09,1072173,RELAY,RELAY,02 MED,46.31,3,EA,1,2,Above Max,1,138.93,0,0,0,,,,
,CALIFORNIA,,SITE_M,SITE_M-MAIN,A01-F-18,1115745,LIGHT,LIGHT,02 MED,152.15,3,EA,1,2,Above Max,1,456.45,0,0,0,,,,
,CALIFORNIA,,SITE_M,SITE_M-MAIN,A01-F-20,3241826,CABLE,CABLE,01 HIGH,203.59,4,EA,1,2,Above Max,2,814.36,0,0,0,,,,
,CALIFORNIA,,SITE_M,SITE_M-MAIN,A01-G-06,1059197,GRIPPER,GRIPPER,02 MED,54.768,5,EA,3,4,Above Max,1,273.84,0,0,0,,,,
,CALIFORNIA,,SITE_M,SITE_M-MAIN,A02-A-06,3128182,CABLE,CABLE,02 MED,563.0682,3,EA,1,2,Above Max,1,1689.2046,3,3,1,,,,
,CALIFORNIA,,SITE_M,SITE_M-MAIN,A02-B-01,3040633,SUPPORT,SUPPORT,02 MED,32.37,3,EA,1,2,Above Max,1,97.11,3,3,1,,,,
,CALIFORNIA,,SITE_M,SITE_M-MAIN,A02-C-04,10048915,CONNECT,CONNECT,02 MED,225.88,3,EA,1,2,Above Max,1,677.64,3,3,1,,,,
,CALIFORNIA,,SITE_M,SITE_M-MAIN,A02-C-08,1003094Z,CONTACT,CONTACT,02 MED,93.886667,3,EA,1,2,Above Max,1,281.660001,0,0,0,,,,
,CALIFORNIA,,SITE_M,SITE_M-MAIN,A02-D-06,3040632,RECEPT,RECEPT,02 MED,266.11,3,EA,1,2,Above Max,1,798.33,0,0,0,,,,
,CALIFORNIA,,SITE_M,SITE_M-MAIN,A02-E-09,1125793,BREAKER,BREAKER,02 MED,112.4391,3,EA,1,2,Above Max,1,337.3173,3,3,1,,,,
,CALIFORNIA,,SITE_M,SITE_M-MAIN,A02-E-10,1122424,MODULE,MODULE,02 MED,699.259048,3,EA,1,2,Above Max,1,2097.777144,0,0,0,,,,
,CALIFORNIA,,SITE_M,SITE_M-MAIN,A02-E-11,1071629,CRCTBRKR,CRCTBRKR,03 LOW,118.95,3,EA,1,2,Above Max,1,356.85,0,0,0,,,,
,CALIFORNIA,,SITE_M,SITE_M-MAIN,A02-E-13,1072164,BREAKER,BREAKER,02 MED,72.943333,3,EA,1,2,Above Max,1,218.829999,0,0,0,,,,
,CALIFORNIA,,SITE_M,SITE_M-MAIN,A02-E-14,11701,CRCTBRKR,CRCTBRKR,02 MED,65.666667,3,EA,1,2,Above Max,1,197.000001,0,0,0,,,,
,CALIFORNIA,,SITE_M,SITE_M-MAIN,A02-E-17,3040628,BREAKER,BREAKER,02 MED,182.456667,3,EA,1,2,Above Max,1,547.370001,0,0,0,,,,
,CALIFORNIA,,SITE_M,SITE_M-MAIN,A02-F-01,1123750,BREAKER,BREAKER,02 MED,190.029533,3,EA,1,2,Above Max,1,570.088599,0,0,0,,,,
,CALIFORNIA,,SITE_M,SITE_M-MAIN,A02-F-03,3056066,RETAINER,RETAINER,03 LOW,80.4092,3,EA,1,2,Above Max,1,241.2276,0,0,0,,,,
,CALIFORNIA,,SITE_M,SITE_M-MAIN,A02-F-05,3067680,HOUSING,HOUSING,02 MED,40.55,3,EA,1,2,Above Max,1,121.65,0,0,0,,,,
,CALIFORNIA,,SITE_M,SITE_M-MAIN,A02-F-17,3040629,COUPLER,COUPLER,02 MED,104.846167,3,EA,1,2,Above Max,1,314.538501,3,3,1,,,,
,CALIFORNIA,,SITE_M,SITE_M-MAIN,A02-F-19,1071514,NUT,NUT,02 MED,0.23,16,EA,2,15,Above Max,1,3.68,0,0,0,,,,
,CALIFORNIA,,SITE_M,SITE_M-MAIN,A02-G-11,22081,CONTACT,CONTACT,02 MED,190.029533,3,EA,1,2,Above Max,1,570.088599,0,0,0,,,,
,CALIFORNIA,,SITE_M,SITE_M-MAIN,A02-G-13,3249165,MOUNT,MOUNT,02 MED,23.03,3,EA,1,2,Above Max,1,69.09,0,0,0,,,,
,CALIFORNIA,,SITE_M,SITE_M-MAIN,A03-B-05,3040642,BELT,BELT,02 MED,1920.53,3,EA,1,2,Above Max,1,5761.59,0,0,0,,,,
,CALIFORNIA,,SITE_M,SITE_M-MAIN,A03-C-04,3128132,SHAFT,SHAFT,02 MED,219.57,3,EA,1,2,Above Max,1,658.71,0,0,0,,,,
,CALIFORNIA,,SITE_M,SITE_M-MAIN,A03-C-05,3128134,SHAFT,SHAFT,02 MED,184.54,3,EA,1,2,Above Max,1,553.62,0,0,0,,,,
,CALIFORNIA,,SITE_M,SITE_M-MAIN,A03-C-07,3040640,KIT,KIT,02 MED,1238.86,3,EA,1,2,Above Max,1,3716.58,0,0,0,,,,
,CALIFORNIA,,SITE_M,SITE_M-MAIN,A04-C-22,3056956,ROLLER,ROLLER,02 MED,31.51,7,EA,1,2,Above Max,5,220.57,0,0,0,,,,
,CALIFORNIA,,SITE_M,SITE_M-MAIN,A04-D-07,10049156,CASTER,CASTER,02 MED,67.453333,6,EA,2,4,Above Max,2,404.719998,0,0,0,,,,
,CALIFORNIA,,SITE_M,SITE_M-MAIN,A04-D-18,3056947,ROLLER,ROLLER,02 MED,36.83,7,EA,1,2,Above Max,5,257.81,0,0,0,,,,
,CALIFORNIA,,SITE_M,SITE_M-MAIN,A05-C-03,3041555,MOTOR,MOTOR,01 HIGH,968.9,3,EA,1,2,Above Max,1,2906.7,0,0,0,,,,
,CALIFORNIA,,SITE_M,SITE_M-MAIN,A05-C-06,49691,BRUSH,BRUSH,02 MED,3.58,4,EA,2,3,Above Max,1,14.32,0,0,0,,,,
,CALIFORNIA,,SITE_M,SITE_M-MAIN,A05-C-06,86596Z,MOTOR,MOTOR,01 HIGH,389.03,3,EA,1,2,Above Max,1,1167.09,0,0,0,,,,
,CALIFORNIA,,SITE_M,SITE_M-MAIN,A05-D-01,3040721,VFD,VFD,01 HIGH,4170.408333,5,EA,1,4,Above Max,1,20852.04167,0,0,0,,,,
,CALIFORNIA,,SITE_M,SITE_M-MAIN,A06-B-01,3040726,HANDLE,HANDLE,02 MED,108.524767,3,EA,1,2,Above Max,1,325.574301,0,0,0,,,,
,CALIFORNIA,,SITE_M,SITE_M-MAIN,A06-B-04,3249153,DRIVE,DRIVE,02 MED,524.54,4,EA,1,2,Above Max,2,2098.16,0,0,0,,,,
,CALIFORNIA,,SITE_M,SITE_M-MAIN,A06-D-02,10048983,CABLE,CABLE,02 MED,346.14715,101,EA,1,2,Above Max,99,34960.86215,0,0,0,,,,
,CALIFORNIA,,SITE_M,SITE_M-MAIN,A06-D-03,76593,SPROCKET,SPROCKET,01 HIGH,335.7339,3,EA,1,2,Above Max,1,1007.2017,27,3,1,,,,
,CALIFORNIA,,SITE_M,SITE_M-MAIN,A07-A-01,1117926,HANDLE,HANDLE,02 MED,934.906667,3,EA,1,2,Above Max,1,2804.720001,0,0,0,,,,
,CALIFORNIA,,SITE_M,SITE_M-MAIN,A07-B-01,1064453,FILTER,FILTER,02 MED,269.76,3,EA,1,2,Above Max,1,809.28,0,0,0,,,,
,CALIFORNIA,,SITE_M,SITE_M-MAIN,A07-B-05,3062275,BELT,BELT,02 MED,289.26,3,EA,1,2,Above Max,1,867.78,0,0,0,,,,
,CALIFORNIA,,SITE_M,SITE_M-MAIN,A07-B-06,24628,FAN,FAN,02 MED,332.06,3,EA,1,2,Above Max,1,996.18,0,0,0,,,,
,CALIFORNIA,,SITE_M,SITE_M-MAIN,A07-C-01,3040646,ELEC,ELEC,02 MED,484.73,3,EA,1,2,Above Max,1,1454.19,0,0,0,,,,
,CALIFORNIA,,SITE_M,SITE_M-MAIN,A07-C-08,3067811,LIGHT,LIGHT,02 MED,377,3,EA,1,2,Above Max,1,1131,0,0,0,,,,
,CALIFORNIA,,SITE_M,SITE_M-MAIN,A07-M-02,3067601,CABLE,CABLE,02 MED,23.18,3,EA,1,2,Above Max,1,69.54,0,0,0,,,,
,CALIFORNIA,,SITE_M,SITE_M-MAIN,A08-B-02,3040631,PWRSUPLY,PWRSUPLY,02 MED,781.05,3,EA,1,2,Above Max,1,2343.15,0,0,0,,,,
,CALIFORNIA,,SITE_M,SITE_M-MAIN,A08-D-04,3056024,SCREEN,SCREEN,02 MED,6080.19,7,EA,1,2,Above Max,5,42561.33,0,0,0,,,,
,CALIFORNIA,,SITE_M,SITE_M-MAIN,A08-D-05,1117925,MOUNT,MOUNT,02 MED,210.06,3,EA,1,2,Above Max,1,630.18,0,0,0,,,,
,CALIFORNIA,,SITE_M,SITE_M-MAIN,A12-A-01,3012848,PEDAL,PEDAL,03 LOW,8.1,30,EA,10,20,Above Max,10,243,0,0,0,,,,
,CALIFORNIA,,SITE_M,SITE_M-MAIN,A12-A-02,3012851,WHEEL,WHEEL,03 LOW,11.01,30,EA,10,20,Above Max,10,330.3,0,0,0,,,,
,CALIFORNIA,,SITE_M,SITE_M-MAIN,B01-C-04,3067643,BUTTON,BUTTON,02 MED,27.78,6,EA,1,2,Above Max,4,166.68,0,0,0,,,,
,CALIFORNIA,,SITE_M,SITE_M-MAIN,B01-D-09,3249158,PHOTOEYE,PHOTOEYE,01 HIGH,61.3775,4,EA,1,2,Above Max,2,245.51,0,0,0,,,,
,CALIFORNIA,,SITE_M,SITE_M-MAIN,B01-E-03,1060126,BELT,BELT,02 MED,10.4,3,EA,1,2,Above Max,1,31.2,0,0,0,,,,
,CALIFORNIA,,SITE_M,SITE_M-MAIN,B01-E-09,1061368,STUD,STUD,02 MED,1.60625,8,EA,3,4,Above Max,4,12.85,0,0,0,,,,
,CALIFORNIA,,SITE_M,SITE_M-MAIN,B01-F-08,1062476,HINGE,HINGE,02 MED,2.636667,3,EA,1,2,Above Max,1,7.910001,0,0,0,,,,
,CALIFORNIA,,SITE_N,SITE_N-MAIN,A01-B-03-C,3128175,BEARING,BEARING,02 MED,3.606667,3,EA,1,2,Above Max,1,10.820001,0,0,0,,,,
,CALIFORNIA,,SITE_N,SITE_N-MAIN,A01-H-02-A,3128171,BOLT,BOLT,03 LOW,0.1436,9,EA,1,3,Above Max,6,1.2924,0,0,0,,,,
,CALIFORNIA,,SITE_N,SITE_N-MAIN,A01-J-01-C,27719,CONTACT,CONTACT,02 MED,38.8492,3,EA,1,2,Above Max,1,116.5476,1,1,1,,,,
,CALIFORNIA,,SITE_N,SITE_N-MAIN,A01-J-04-C,1071587,ORING,ORING,02 MED,3.4,25,EA,1,3,Above Max,22,85,0,0,0,,,,
,CALIFORNIA,,SITE_N,SITE_N-MAIN,A01-K-01-B,19744,CRCTBRKR,CRCTBRKR,02 MED,13.67,8,EA,2,3,Above Max,5,109.36,0,0,0,,,,
,CALIFORNIA,,SITE_N,SITE_N-MAIN,A01-K-04-A,1070142,LIGHT,LIGHT,02 MED,107.01,7,EA,1,3,Above Max,4,749.07,0,0,0,,,,
,CALIFORNIA,,SITE_N,SITE_N-MAIN,A01-L-01-A,3022098,REFLECTR,REFLECTR,02 MED,54.16,4,EA,1,3,Above Max,1,216.64,0,0,0,,,,
,CALIFORNIA,,SITE_N,SITE_N-MAIN,A01-L-01-C,1068642,CONNECT,CONNECT,03 LOW,0.25,5,EA,1,3,Above Max,2,1.25,0,0,0,,,,
,CALIFORNIA,,SITE_N,SITE_N-MAIN,A01-L-02-A,79631Z,CONNECT,CONNECT,03 LOW,39.078,4,EA,1,3,Above Max,1,156.312,0,0,0,,,,
,CALIFORNIA,,SITE_N,SITE_N-MAIN,A02-A-01,1059959,CABLE,CABLE,02 MED,53.66,6,EA,1,3,Above Max,3,321.96,0,0,0,,,,
,CALIFORNIA,,SITE_N,SITE_N-MAIN,A02-A-07,10048975,PLC,PLC,01 HIGH,742.854233,3,EA,1,2,Above Max,1,2228.562699,1,1,1,,,,
,CALIFORNIA,,SITE_N,SITE_N-MAIN,A02-B-06,1059967,ROLLER,ROLLER,02 MED,35.77,4,EA,1,3,Above Max,1,143.08,0,0,0,,,,
,CALIFORNIA,,SITE_N,SITE_N-MAIN,A02-B-07,23904,RELAY,RELAY,01 HIGH,20.317778,3,EA,1,2,Above Max,1,60.953334,0,0,0,,,,
,CALIFORNIA,,SITE_N,SITE_N-MAIN,A02-B-10,43200,PWRSUPLY,PWRSUPLY,02 MED,56.7,8,EA,1,3,Above Max,5,453.6,0,0,0,,,,
,CALIFORNIA,,SITE_N,SITE_N-MAIN,A02-C-02,41778Z,CABLE,CABLE,01 HIGH,112,4,EA,1,3,Above Max,1,448,0,0,0,,,,
,CALIFORNIA,,SITE_N,SITE_N-MAIN,A02-C-03,48664,RELAY,RELAY,03 LOW,173.5842517,4,EA,1,3,Above Max,1,694.3370069,0,0,0,,,,
,CALIFORNIA,,SITE_N,SITE_N-MAIN,A02-C-07,43930,BASE,BASE,03 LOW,58.91078583,6,EA,1,3,Above Max,3,353.464715,0,0,0,,,,
,CALIFORNIA,,SITE_N,SITE_N-MAIN,A02-C-08,1067615,SPRING,SPRING,01 HIGH,61.82954807,6,EA,1,3,Above Max,3,370.9772884,0,0,0,,,,
,CALIFORNIA,,SITE_N,SITE_N-MAIN,A02-C-09,1003064Z,RELAY,RELAY,02 MED,31,4,EA,1,3,Above Max,1,124,0,0,0,,,,
,CALIFORNIA,,SITE_N,SITE_N-MAIN,A02-C-12,91454,BUTTON,BUTTON,03 LOW,123.6296502,4,EA,1,3,Above Max,1,494.5186009,0,0,0,,,,
,CALIFORNIA,,SITE_N,SITE_N-MAIN,A02-D-07,13490,FUSE,FUSE,01 HIGH,8.37,14,EA,2,3,Above Max,11,117.18,0,0,0,,,,
,CALIFORNIA,,SITE_N,SITE_N-MAIN,A02-D-09,19746,CRCTBRKR,CRCTBRKR,02 MED,12.51,5,EA,2,3,Above Max,2,62.55,0,0,0,,,,
,CALIFORNIA,,SITE_N,SITE_N-MAIN,A02-D-15,40981,CAP,CAP,01 HIGH,2.83,6,EA,2,3,Above Max,3,16.98,0,0,0,,,,
,CALIFORNIA,,SITE_N,SITE_N-MAIN,A03-A-02,23415,BAR,BAR,03 LOW,3.96,10,EA,2,3,Above Max,7,39.6,0,0,0,,,,
,CALIFORNIA,,SITE_N,SITE_N-MAIN,A03-A-03,43203,CLAMP,CLAMP,02 MED,4.66,4,EA,1,3,Above Max,1,18.64,0,0,0,,,,
,CALIFORNIA,,SITE_N,SITE_N-MAIN,A03-A-10,40542,SPROCKET,SPROCKET,01 HIGH,433.0166,5,EA,1,3,Above Max,2,2165.083,9,1,1,,,,
,CALIFORNIA,,SITE_N,SITE_N-MAIN,A03-B-06-B,3040732,BEARING,BEARING,02 MED,23.18,2,EA,0,1,Above Max,1,46.36,0,0,0,,,,
,CALIFORNIA,,SITE_N,SITE_N-MAIN,A03-C-03-B,N12399,GUARD,GUARD,02 MED,5.570955571,4,EA,1,2,Above Max,2,22.28382229,0,0,0,,,,
,CALIFORNIA,,SITE_N,SITE_N-MAIN,A04-A-02,1115750,LABEL,LABEL,01 HIGH,5.6,15,FT,1,8,Above Max,7,84,0,0,0,,,,
,CALIFORNIA,,SITE_N,SITE_N-MAIN,A04-A-03,1059966,ROLLER,ROLLER,02 MED,32.23,3,EA,1,2,Above Max,1,96.69,0,0,0,,,,
,CALIFORNIA,,SITE_N,SITE_N-MAIN,A04-A-05,N35120Z,ROLLER,ROLLER,02 MED,23.14,6,EA,2,3,Above Max,3,138.84,0,0,0,,,,
,CALIFORNIA,,SITE_N,SITE_N-MAIN,A04-A-06,1059969,ROLLER,ROLLER,02 MED,42.82,4,EA,1,2,Above Max,2,171.28,0,0,0,,,,
,CALIFORNIA,,SITE_N,SITE_N-MAIN,A04-A-07,1059968,ROLLER,ROLLER,01 HIGH,51.78,13,EA,1,3,Above Max,10,673.14,0,0,0,,,,
,CALIFORNIA,,SITE_N,SITE_N-MAIN,A04-A-08,41814Z,ROLLER,ROLLER,02 MED,169.46,5,EA,1,3,Above Max,2,847.3,0,0,0,,,,
,CALIFORNIA,,SITE_N,SITE_N-MAIN,A04-A-09,41813Z,ROLLER,ROLLER,02 MED,159.4,4,EA,1,2,Above Max,2,637.6,0,0,0,,,,
,CALIFORNIA,,SITE_N,SITE_N-MAIN,A04-B-10,19952,ROLLER,ROLLER,02 MED,24.76,6,EA,1,3,Above Max,3,148.56,0,0,0,,,,
,CALIFORNIA,,SITE_N,SITE_N-MAIN,A04-B-11,3219320,SHAFT,SHAFT,01 HIGH,50.89,3,EA,1,2,Above Max,1,152.67,0,0,0,,,,
,CALIFORNIA,,SITE_N,SITE_N-MAIN,A04-B-12,N11401,ROLLER,ROLLER,02 MED,37.73,7,EA,2,3,Above Max,4,264.11,0,0,0,,,,
,CALIFORNIA,,SITE_N,SITE_N-MAIN,A04-B-15,N11402,ROLLER,ROLLER,03 LOW,54.23,3,EA,1,2,Above Max,1,162.69,0,0,0,,,,
,CALIFORNIA,,SITE_N,SITE_N-MAIN,A04-B-16,41919Z,ROLLER,ROLLER,02 MED,54.52,4,EA,1,3,Above Max,1,218.08,0,0,0,,,,
,CALIFORNIA,,SITE_N,SITE_N-MAIN,A04-B-18,1059965,ROLLER,ROLLER,02 MED,37.3,4,EA,2,3,Above Max,1,149.2,0,0,0,,,,
,CALIFORNIA,,SITE_N,SITE_N-MAIN,A04-C-01,3040636,SWITCH,SWITCH,01 HIGH,9076.17,3,EA,1,2,Above Max,1,27228.51,0,0,0,,,,
,CALIFORNIA,,SITE_N,SITE_N-MAIN,A04-D-06,3012848,PEDAL,PEDAL,03 LOW,8.1,20,EA,2,3,Above Max,17,162,0,0,0,,,,
,CALIFORNIA,,SITE_N,SITE_N-MAIN,A04-D-07,3012851,WHEEL,WHEEL,03 LOW,11.01,15,EA,2,3,Above Max,12,165.15,0,0,0,,,,
,CALIFORNIA,,SITE_N,SITE_N-MAIN,A05-A-04,3040710,GEARMTR,GEARMTR,01 HIGH,1230.6675,4,EA,1,2,Above Max,2,4922.67,0,0,0,,,,
,CALIFORNIA,,SITE_N,SITE_N-MAIN,A05-A-09,3036907,BELT,BELT,01 HIGH,5951.997488,4,EA,1,2,Above Max,2,23807.98995,130,1,1,,,,
,CALIFORNIA,,SITE_N,SITE_N-MAIN,A05-D-17,3040688,ROLLER,ROLLER,02 MED,34.79,3,EA,1,2,Above Max,1,104.37,0,0,0,,,,
,CALIFORNIA,,SITE_N,SITE_N-MAIN,A06-B-09,1068300,CAMERA,CAMERA,02 MED,7058.82,3,EA,1,2,Above Max,1,21176.46,0,0,0,,,,
,CALIFORNIA,,SITE_N,SITE_N-MAIN,A07-B-01-B,N34577Z,CAP,CAP,02 MED,1.68,10,EA,2,3,Above Max,7,16.8,0,0,0,,,,
,CALIFORNIA,,SITE_N,SITE_N-MAIN,A07-B-02-A,3001310,CLIP,CLIP,02 MED,1.67,6,EA,1,2,Above Max,4,10.02,0,0,0,,,,
,CALIFORNIA,,SITE_O,SITE_O-MAIN,*,3012851,WHEEL,WHEEL,03 LOW,11.01,170,EA,3,4,Above Max,166,1871.7,0,0,0,,,,
,CALIFORNIA,,SITE_O,SITE_O-MAIN,A01-B-02,1064029,CORD,CORD,01 HIGH,28,4,EA,1,3,Above Max,1,112,0,0,0,,,,
,CALIFORNIA,,SITE_O,SITE_O-MAIN,A01-B-03,98177,RELAY,RELAY,01 HIGH,47.29,7,EA,1,3,Above Max,4,331.03,0,0,0,,,,
,CALIFORNIA,,SITE_O,SITE_O-MAIN,A01-C-02,85947Z,RELAY,RELAY,02 MED,17.68,6,EA,2,3,Above Max,3,106.08,0,0,0,,,,
,CALIFORNIA,,SITE_O,SITE_O-MAIN,A01-C-03,N29494,CABLE,CABLE,02 MED,47.83,4,EA,1,2,Above Max,2,191.32,0,0,0,,,,
,CALIFORNIA,,SITE_O,SITE_O-MAIN,A01-C-05,49039,SHEAVE,SHEAVE,02 MED,184.3,5,EA,2,3,Above Max,2,921.5,412,103,2,,,,
,CALIFORNIA,,SITE_O,SITE_O-MAIN,A01-D-01,41806Z,RELAY,RELAY,02 MED,10.45,4,EA,2,3,Above Max,1,41.8,0,0,0,,,,
,CALIFORNIA,,SITE_O,SITE_O-MAIN,A01-D-06,N35373Z,RESISTOR,RESISTOR,03 LOW,4.25,5,EA,1,3,Above Max,2,21.25,103,103,2,,,,
,CALIFORNIA,,SITE_O,SITE_O-MAIN,A01-E-01,43081,BRUSH,BRUSH,03 LOW,29.91,29,EA,8,16,Above Max,13,867.39,0,0,0,,,,
,CALIFORNIA,,SITE_O,SITE_O-MAIN,A01-E-02,85953Z,PLUG,PLUG,02 MED,32.47,4,EA,1,3,Above Max,1,129.88,0,0,0,,,,
,CALIFORNIA,,SITE_O,SITE_O-MAIN,A01-J-02,3249157,CORD,CORD,02 MED,37.84,4,EA,1,2,Above Max,2,151.36,38,19,2,,,,
,CALIFORNIA,,SITE_O,SITE_O-MAIN,A01-K-01,1067758,PULLEY,PULLEY,02 MED,17.21,7,EA,1,3,Above Max,4,120.47,0,0,0,,,,
,CALIFORNIA,,SITE_O,SITE_O-MAIN,A01-L-05,1112149,ORING,ORING,02 MED,13.31,35,EA,2,3,Above Max,32,465.85,0,0,0,,,,
,CALIFORNIA,,SITE_O,SITE_O-MAIN,A01-L-06,1112150,ORING,ORING,02 MED,7.32,5,EA,1,3,Above Max,2,36.6,0,0,0,,,,
,CALIFORNIA,,SITE_O,SITE_O-MAIN,A02-A-06,85935Z,ROLLER,ROLLER,01 HIGH,33.29,4,EA,1,3,Above Max,1,133.16,0,0,0,,,,
,CALIFORNIA,,SITE_O,SITE_O-MAIN,A02-A-07,85934Z,ROLLER,ROLLER,02 MED,24.587196,5,EA,2,3,Above Max,2,122.93598,0,0,0,,,,
,CALIFORNIA,,SITE_O,SITE_O-MAIN,A02-A-09,N37013Z,ROLLER,ROLLER,01 HIGH,26.1792,5,EA,3,4,Above Max,1,130.896,0,0,0,,,,
,CALIFORNIA,,SITE_O,SITE_O-MAIN,A02-A-10,N37009Z,ROLLER,ROLLER,03 LOW,49.28,5,EA,2,3,Above Max,2,246.4,0,0,0,,,,
,CALIFORNIA,,SITE_O,SITE_O-MAIN,A02-A-11,N37006Z,ROLLER,ROLLER,02 MED,25.85,5,EA,2,3,Above Max,2,129.25,0,0,0,,,,
,CALIFORNIA,,SITE_O,SITE_O-MAIN,A02-B-01,N37007Z,ROLLER,ROLLER,02 MED,19.2,5,EA,1,3,Above Max,2,96,0,0,0,,,,
,CALIFORNIA,,SITE_O,SITE_O-MAIN,A02-B-02,N37008Z,ROLLER,ROLLER,02 MED,48.06,4,EA,1,3,Above Max,1,192.24,0,0,0,,,,
,CALIFORNIA,,SITE_O,SITE_O-MAIN,A02-B-07,85930Z,ROLLER,ROLLER,02 MED,107.742,4,EA,2,3,Above Max,1,430.968,0,0,0,,,,
,CALIFORNIA,,SITE_O,SITE_O-MAIN,A02-B-08,85932Z,ROLLER,ROLLER,02 MED,163.02,5,EA,1,2,Above Max,3,815.1,0,0,0,,,,
,CALIFORNIA,,SITE_O,SITE_O-MAIN,A02-B-09,85931Z,ROLLER,ROLLER,02 MED,108.7775,4,EA,1,2,Above Max,2,435.11,0,0,0,,,,
,CALIFORNIA,,SITE_O,SITE_O-MAIN,A02-D-01,3114889,LED,LED,02 MED,12.4,34,EA,1,2,Above Max,32,421.6,0,0,0,,,,
,CALIFORNIA,,SITE_O,SITE_O-MAIN,A02-D-02,3114890,LED,LED,02 MED,11.87,185,EA,1,2,Above Max,183,2195.95,0,0,0,,,,
,CALIFORNIA,,SITE_O,SITE_O-MAIN,A02-D-05,3114891,LED,LED,02 MED,16.88,114,EA,1,2,Above Max,112,1924.32,0,0,0,,,,
,CALIFORNIA,,SITE_O,SITE_O-MAIN,A03-I-05,1061077,LIGHT,LIGHT,02 MED,17.275166,6,EA,2,3,Above Max,3,103.650996,0,0,0,,,,
,CALIFORNIA,,SITE_O,SITE_O-MAIN,A03-J-06,10048983,CABLE,CABLE,03 LOW,630.68,200,EA,1,3,Above Max,197,126136,0,0,0,,,,
,CALIFORNIA,,SITE_O,SITE_O-MAIN,A03-K-02,1004319,LIGHT,LIGHT,03 LOW,13.24,6,EA,1,3,Above Max,3,79.44,0,0,0,,,,
,CALIFORNIA,,SITE_O,SITE_O-MAIN,A04-C-05,3246521,LIGHT,LIGHT,02 MED,84.74,5,EA,0,1,Above Max,4,423.7,38,19,2,,,,
,CALIFORNIA,,SITE_O,SITE_O-MAIN,A04-C-10,40542,SPROCKET,SPROCKET,02 MED,464.257111,8,EA,1,3,Above Max,5,3714.056888,18,2,1,,,,
,CALIFORNIA,,SITE_O,SITE_O-MAIN,A05-C-01,11300,BLOCK,BLOCK,02 MED,12.850574,11,EA,2,3,Above Max,8,141.356314,0,0,0,,,,
,CALIFORNIA,,SITE_O,SITE_O-MAIN,A05-C-03,3056138,LIGHT,LIGHT,03 LOW,31.18,4,EA,1,3,Above Max,1,124.72,0,0,0,,,,
,CALIFORNIA,,SITE_O,SITE_O-MAIN,A05-D-06,1004322,LATCH,LATCH,03 LOW,10.47,16,EA,2,3,Above Max,13,167.52,0,0,0,,,,
,CALIFORNIA,,SITE_O,SITE_O-MAIN,A05-E-01,70795,RELAY,RELAY,02 MED,37.685,4,EA,1,2,Above Max,2,150.74,0,0,0,,,,
,CALIFORNIA,,SITE_O,SITE_O-MAIN,A05-F-05,1004294,FUSE,FUSE,02 MED,23.31,5,EA,1,3,Above Max,2,116.55,0,0,0,,,,
,CALIFORNIA,,SITE_O,SITE_O-MAIN,A05-H-02,N51787,FILTER,FILTER,02 MED,22.9175,48,EA,3,4,Above Max,44,1100.04,0,0,0,,,,
,CALIFORNIA,,SITE_O,SITE_O-MAIN,A05-H-04,1062922,BEARING,BEARING,03 LOW,42.012041,7,EA,2,4,Above Max,3,294.084287,0,0,0,,,,
,CALIFORNIA,,SITE_O,SITE_O-MAIN,A06-B-02,76593,SPROCKET,SPROCKET,01 HIGH,376.658222,9,EA,1,3,Above Max,6,3389.923998,18,2,1,,,,
,CALIFORNIA,,SITE_O,SITE_O-MAIN,A07-C-02,48217,VFD,VFD,02 MED,806.313333,3,EA,1,2,Above Max,1,2418.939999,0,0,0,,,,
,CALIFORNIA,,SITE_O,SITE_O-MAIN,A08-C-05,3053364,FITTING,FITTING,02 MED,1.22,5,EA,1,3,Above Max,2,6.1,0,0,0,,,,
,CALIFORNIA,,SITE_O,SITE_O-MAIN,A08-D-07,1004323,LIGHT,LIGHT,03 LOW,33.8,4,EA,2,3,Above Max,1,135.2,0,0,0,,,,
,CALIFORNIA,,SITE_O,SITE_O-MAIN,A08-D-08,1070793,BLOCK,BLOCK,03 LOW,17.32,6,EA,2,3,Above Max,3,103.92,0,0,0,,,,
,CALIFORNIA,,SITE_O,SITE_O-MAIN,A08-F-02,65249,CABLE,CABLE,03 LOW,135.985872,4,EA,1,3,Above Max,1,543.943488,0,0,0,,,,
,CALIFORNIA,,SITE_O,SITE_O-MAIN,A09-E-01,47997,CAP,CAP,02 MED,5.42,4,EA,2,3,Above Max,1,21.68,0,0,0,,,,
,CALIFORNIA,,SITE_O,SITE_O-MAIN,A09-E-03,1059839,CARD,CARD,01 HIGH,129.2,3,EA,0,1,Above Max,2,387.6,0,0,0,,,,
,CALIFORNIA,,SITE_O,SITE_O-MAIN,A09-G-05,1112168,CABLE,CABLE,02 MED,68.445,6,EA,2,3,Above Max,3,410.67,0,0,0,,,,
,CALIFORNIA,,SITE_O,SITE_O-MAIN,A10-A-01,3114883,RECEIVER,RECEIVER,02 MED,102,11,EA,1,2,Above Max,9,1122,0,0,0,,,,
,CALIFORNIA,,SITE_O,SITE_O-MAIN,A10-A-02,3114885,CONTROL,CONTROL,02 MED,400,13,EA,1,3,Above Max,10,5200,0,0,0,,,,
,CALIFORNIA,,SITE_O,SITE_O-MAIN,A10-A-03,3129373,LED,LED,02 MED,14.69,26,EA,1,2,Above Max,24,381.94,0,0,0,,,,
,CALIFORNIA,,SITE_O,SITE_O-MAIN,A10-B-01,3114892,LED,LED,02 MED,19.79,37,EA,1,2,Above Max,35,732.23,0,0,0,,,,
,CALIFORNIA,,SITE_O,SITE_O-MAIN,A11-C-02,1112179,MOTOR,MOTOR,02 MED,300.5675,4,EA,1,3,Above Max,1,1202.27,0,0,0,,,,
,CALIFORNIA,,SITE_O,SITE_O-MAIN,A11-C-05,1112173,ROLLER,ROLLER,02 MED,90.4375,3,EA,1,2,Above Max,1,271.3125,0,0,0,,,,
,CALIFORNIA,,SITE_O,SITE_O-MAIN,A11-C-15,3402943,ROLLER,ROLLER,02 MED,82.31,4,EA,2,3,Above Max,1,329.24,0,0,0,,,,
,CALIFORNIA,,SITE_O,SITE_O-MAIN,A11-D-01,3240030,ROLLER,ROLLER,02 MED,137.51,6,EA,1,3,Above Max,3,825.06,0,0,0,,,,
,CALIFORNIA,,SITE_O,SITE_O-MAIN,A11-D-02,3240031,ROLLER,ROLLER,02 MED,135.2,6,EA,2,3,Above Max,3,811.2,0,0,0,,,,
,CALIFORNIA,,SITE_O,SITE_O-MAIN,A11-D-03,3240032,ROLLER,ROLLER,02 MED,135.2,6,EA,2,3,Above Max,3,811.2,0,0,0,,,,
,CALIFORNIA,,SITE_O,SITE_O-MAIN,A11-D-05,3114896,LED,LED,02 MED,7.77,4,EA,1,2,Above Max,2,31.08,0,0,0,,,,
,CALIFORNIA,,SITE_O,SITE_O-MAIN,A11-D-06,3114897,LED,LED,02 MED,19.9,5,EA,1,2,Above Max,3,99.5,0,0,0,,,,
,CALIFORNIA,,SITE_O,SITE_O-MAIN,A11-D-07,3114895,LED,LED,02 MED,16.33,13,EA,3,4,Above Max,9,212.29,0,0,0,,,,
,CALIFORNIA,,SITE_O,SITE_O-MAIN,A11-D-09,3211322,GUARD,GUARD,02 MED,10.26,57,EA,2,3,Above Max,54,584.82,0,0,0,,,,
,CALIFORNIA,,SITE_O,SITE_O-MAIN,A11-E-06,3114894,LED,LED,02 MED,31.11,17,EA,4,12,Above Max,5,528.87,0,0,0,,,,
,CALIFORNIA,,SITE_O,SITE_O-MAIN,A12-B-03,3012848,PEDAL,PEDAL,03 LOW,8.1,115,EA,2,3,Above Max,112,931.5,0,0,0,,,,
,CALIFORNIA,,SITE_O,SITE_O-MAIN,A12-B-04,3012850,PEDAL,PEDAL,03 LOW,33.01,30,PR,2,3,Above Max,27,990.3,0,0,0,,,,
,CALIFORNIA,,SITE_P,SITE_P-MAIN,A03-A-03,3266593,LABEL,LABEL,03 LOW,12.62,2,EA,0,1,Above Max,1,25.24,0,0,0,,,,
,CALIFORNIA,,SITE_P,SITE_P-MAIN,A03-B-01,3266572,CLAMP,CLAMP,03 LOW,68.6,3,EA,0,1,Above Max,2,205.8,0,0,0,,,,
,CALIFORNIA,,SITE_P,SITE_P-MAIN,A03-C-TOP,3241804,SLIDE,SLIDE,01 HIGH,12,4,EA,0,1,Above Max,3,48,0,0,0,,,,
,CALIFORNIA,,SITE_P,SITE_P-MAIN,A03-C-TOP,3377943,COVER,COVER,02 MED,47.55,3,EA,1,2,Above Max,1,142.65,0,0,0,,,,
,CALIFORNIA,,SITE_P,SITE_P-MAIN,A04-C-20,10048991,SPROCKET,SPROCKET,02 MED,109,10,EA,1,2,Above Max,8,1090,0,0,0,,,,
,CALIFORNIA,,SITE_P,SITE_P-MAIN,A04-D-04,3277444,ROLLER,ROLLER,01 HIGH,129,2,EA,0,1,Above Max,1,258,0,0,0,,,,
,CALIFORNIA,,SITE_P,SITE_P-MAIN,A05-B-05,3093433,PHOTOEYE,PHOTOEYE,01 HIGH,1209,5,EA,1,4,Above Max,1,6045,0,0,0,,,,
,CALIFORNIA,,SITE_P,SITE_P-MAIN,A05-D-07,3018453,BRACKET,BRACKET,02 MED,23.342857,2,EA,0,1,Above Max,1,46.685714,0,0,0,,,,
,CALIFORNIA,,SITE_P,SITE_P-MAIN,A05-D-09,3394523,SENSOR,SENSOR,01 HIGH,44.54,2,EA,0,1,Above Max,1,89.08,0,0,0,,,,
,CALIFORNIA,,SITE_P,SITE_P-MAIN,A05-F-03,509150,V-BELT,V-BELT,01 HIGH,10,5,EA,1,2,Above Max,3,50,0,0,0,,,,
,CALIFORNIA,,SITE_P,SITE_P-MAIN,A05-F-05,1059881,BRACKET,BRACKET,02 MED,9,6,EA,1,2,Above Max,4,54,0,0,0,,,,
,CALIFORNIA,,SITE_P,SITE_P-MAIN,A05-G-04,3241740,FITTING,FITTING,01 HIGH,12,2,EA,0,1,Above Max,1,24,0,0,0,,,,
,CALIFORNIA,,SITE_P,SITE_P-MAIN,A05-G-05,61591,FITTING,FITTING,02 MED,7,6,EA,2,4,Above Max,2,42,0,0,0,,,,
,CALIFORNIA,,SITE_P,SITE_P-MAIN,A05-G-06,3039974,FITTING,FITTING,02 MED,59,4,EA,1,3,Above Max,1,236,4,1,1,,,,
,CALIFORNIA,,SITE_P,SITE_P-MAIN,A05-G-11,116945,REFLECTR,REFLECTR,02 MED,21,5,EA,1,2,Above Max,3,105,1,1,1,,,,
,CALIFORNIA,,SITE_P,SITE_P-MAIN,A05-G-13,10049201,BELT,BELT,02 MED,130,4,EA,1,2,Above Max,2,520,0,0,0,,,,
,CALIFORNIA,,SITE_P,SITE_P-MAIN,A05-G-14,3055452,MECH,MECH,02 MED,10,15,EA,1,7,Above Max,8,150,0,0,0,,,,
,CALIFORNIA,,SITE_P,SITE_P-MAIN,A06-A-08,1071395,BEARING,BEARING,02 MED,447,3,EA,1,2,Above Max,1,1341,4,1,1,,,,
,CALIFORNIA,,SITE_P,SITE_P-MAIN,A06-B-03,36047,BEARING,BEARING,02 MED,184,4,EA,1,2,Above Max,2,736,0,0,0,,,,
,CALIFORNIA,,SITE_P,SITE_P-MAIN,A06-B-06,10048923,BEARING,BEARING,02 MED,78,4,EA,1,2,Above Max,2,312,0,0,0,,,,
,CALIFORNIA,,SITE_P,SITE_P-MAIN,A06-B-12,3276226,BEARING,BEARING,01 HIGH,271,4,EA,1,2,Above Max,2,1084,0,0,0,,,,
,CALIFORNIA,,SITE_P,SITE_P-MAIN,A06-B-13,79719Z,BEARING,BEARING,02 MED,81,4,EA,1,2,Above Max,2,324,0,0,0,,,,
,CALIFORNIA,,SITE_P,SITE_P-MAIN,A06-C-06,3266586,PLUG,PLUG,01 HIGH,189.98,2,EA,0,1,Above Max,1,379.96,0,0,0,,,,
,CALIFORNIA,,SITE_P,SITE_P-MAIN,A06-E-09,1125755,PHOTOEYE,PHOTOEYE,02 MED,715,3,EA,1,2,Above Max,1,2145,16,1,1,,,,
,CALIFORNIA,,SITE_P,SITE_P-MAIN,A06-F-15,3249158,PHOTOEYE,PHOTOEYE,01 HIGH,40.06,2,EA,0,1,Above Max,1,80.12,0,0,0,,,,
,CALIFORNIA,,SITE_P,SITE_P-MAIN,A07-D-12,N14007,CONTROL,CONTROL,01 HIGH,490.607333,3,EA,0,1,Above Max,2,1471.821999,0,0,0,,,,
,CALIFORNIA,,SITE_P,SITE_P-MAIN,A07-E-07,N33452,CRCTBRKR,CRCTBRKR,02 MED,85.44,3,EA,1,2,Above Max,1,256.32,0,0,0,,,,
,CALIFORNIA,,SITE_P,SITE_P-MAIN,A07-E-09,N32404Z,FUSE,FUSE,01 HIGH,66.254211,19,EA,5,10,Above Max,9,1258.830009,0,0,0,,,,
,CALIFORNIA,,SITE_P,SITE_P-MAIN,A07-F-08,3377891,NUT,NUT,03 LOW,3.036,25,EA,1,2,Above Max,23,75.9,0,0,0,,,,
,CALIFORNIA,,SITE_P,SITE_P-MAIN,A08-A-06,3018451,BRACKET,BRACKET,02 MED,91.542857,2,EA,0,1,Above Max,1,183.085714,0,0,0,,,,
,CALIFORNIA,,SITE_P,SITE_P-MAIN,A08-B-01,3377946,SENSOR,SENSOR,02 MED,520.56,3,EA,1,2,Above Max,1,1561.68,0,0,0,,,,
,CALIFORNIA,,SITE_Q,SITE_Q-MAIN,A01-E-10,N48935,CASTER,CASTER,03 LOW,25.52,10,EA,2,3,Above Max,7,255.2,0,0,0,,,,
,CALIFORNIA,,SITE_Q,SITE_Q-MAIN,A02-A-02,1067728,PULLEY,PULLEY,02 MED,1435.91,3,EA,1,2,Above Max,1,4307.73,0,0,0,,,,
,CALIFORNIA,,SITE_Q,SITE_Q-MAIN,A02-B-02,1059842,ROLLER,ROLLER,01 HIGH,223.2,4,EA,1,3,Above Max,1,892.8,0,0,0,,,,
,CALIFORNIA,,SITE_Q,SITE_Q-MAIN,A02-B-05,86017Z,ROLLER,ROLLER,01 HIGH,26.295,2,EA,0,1,Above Max,1,52.59,0,0,0,,,,
,CALIFORNIA,,SITE_Q,SITE_Q-MAIN,A02-B-06,86036Z,ROLLER,ROLLER,02 MED,48.95,3,EA,1,2,Above Max,1,146.85,0,0,0,,,,
,CALIFORNIA,,SITE_Q,SITE_Q-MAIN,A02-B-08,86037Z,ROLLER,ROLLER,02 MED,50.96,4,EA,2,3,Above Max,1,203.84,0,0,0,,,,
,CALIFORNIA,,SITE_Q,SITE_Q-MAIN,A02-B-14,10048984,ROLLER,ROLLER,02 MED,932.5035,3,EA,1,2,Above Max,1,2797.5105,0,0,0,,,,
,CALIFORNIA,,SITE_Q,SITE_Q-MAIN,A02-B-18,73737,ROLLER,ROLLER,02 MED,59.735,3,EA,1,2,Above Max,1,179.205,0,0,0,,,,
,CALIFORNIA,,SITE_Q,SITE_Q-MAIN,A02-C-01,86016Z,ROLLER,ROLLER,01 HIGH,20.08,8,EA,1,3,Above Max,5,160.64,0,0,0,,,,
,CALIFORNIA,,SITE_Q,SITE_Q-MAIN,A02-C-06,1059843,ROLLER,ROLLER,01 HIGH,95.1,8,EA,2,3,Above Max,5,760.8,0,0,0,,,,
,CALIFORNIA,,SITE_Q,SITE_Q-MAIN,A02-C-07,56372,ROLLER,ROLLER,01 HIGH,161.04,4,EA,1,2,Above Max,2,644.16,0,0,0,,,,
,CALIFORNIA,,SITE_Q,SITE_Q-MAIN,A02-D-01,3114883,RECEIVER,RECEIVER,02 MED,102,3,EA,0,1,Above Max,2,306,0,0,0,,,,
,CALIFORNIA,,SITE_Q,SITE_Q-MAIN,A02-D-02,3114885,CONTROL,CONTROL,02 MED,400,6,EA,0,1,Above Max,5,2400,0,0,0,,,,
,CALIFORNIA,,SITE_Q,SITE_Q-MAIN,A02-D-03,3114887,POWER,POWER,02 MED,42,5,EA,0,1,Above Max,4,210,0,0,0,,,,
,CALIFORNIA,,SITE_Q,SITE_Q-MAIN,A02-D-04,3114888,LED,LED,02 MED,29.95,150,EA,0,1,Above Max,149,4492.5,0,0,0,,,,
,CALIFORNIA,,SITE_Q,SITE_Q-MAIN,A02-D-05,3114889,LED,LED,02 MED,12.4,5,EA,0,1,Above Max,4,62,0,0,0,,,,
,CALIFORNIA,,SITE_Q,SITE_Q-MAIN,A02-D-06,3114890,LED,LED,02 MED,11.87,50,EA,0,1,Above Max,49,593.5,0,0,0,,,,
,CALIFORNIA,,SITE_Q,SITE_Q-MAIN,A02-D-07,3114891,LED,LED,02 MED,16.88,70,EA,0,1,Above Max,69,1181.6,0,0,0,,,,
,CALIFORNIA,,SITE_Q,SITE_Q-MAIN,A02-D-08,3114892,LED,LED,02 MED,19.79,15,EA,0,1,Above Max,14,296.85,0,0,0,,,,
,CALIFORNIA,,SITE_Q,SITE_Q-MAIN,A02-D-09,3114893,LED,LED,02 MED,5.88,4,EA,0,1,Above Max,3,23.52,0,0,0,,,,
,CALIFORNIA,,SITE_Q,SITE_Q-MAIN,A02-D-10,3129373,LED,LED,02 MED,14.69,12,EA,0,1,Above Max,11,176.28,0,0,0,,,,
,CALIFORNIA,,SITE_Q,SITE_Q-MAIN,A05-F-05A,1004323,LIGHT,LIGHT,02 MED,48.03,3,EA,1,2,Above Max,1,144.09,0,0,0,,,,
,CALIFORNIA,,SITE_Q,SITE_Q-MAIN,A07-D-01A,1072293,ORING,ORING,03 LOW,2.885,3,EA,1,2,Above Max,1,8.655,0,0,0,,,,
,CALIFORNIA,,SITE_Q,SITE_Q-MAIN,A09-B-04,43882,TRANSFRM,TRANSFRM,02 MED,1017.33,3,EA,1,2,Above Max,1,3051.99,0,0,0,,,,
,CALIFORNIA,,SITE_Q,SITE_Q-MAIN,A09-B-05,1067760,MOTOR,MOTOR,02 MED,3523.665,3,EA,1,2,Above Max,1,10570.995,0,0,0,,,,
,CALIFORNIA,,SITE_Q,SITE_Q-MAIN,A09-C-20,1071473,ROLLER,ROLLER,02 MED,39.04,4,EA,2,3,Above Max,1,156.16,0,0,0,,,,
,CALIFORNIA,,SITE_Q,SITE_Q-MAIN,A09-C-27,1067742,ROLLER,ROLLER,02 MED,47.405,3,EA,1,2,Above Max,1,142.215,0,0,0,,,,
,CALIFORNIA,,SITE_Q,SITE_Q-MAIN,A09-D-12,1066735,CONVEYOR,CONVEYOR,02 MED,219.1933,3,EA,1,2,Above Max,1,657.5799,0,0,0,,,,
,CALIFORNIA,,SITE_Q,SITE_Q-MAIN,A09-D-13,1066740,ROLLER,ROLLER,02 MED,33.3445,5,EA,1,3,Above Max,2,166.7225,0,0,0,,,,
,CALIFORNIA,,SITE_Q,SITE_Q-MAIN,A09-D-14,1066734,CONVEYOR,CONVEYOR,02 MED,175.3445,13,EA,2,3,Above Max,10,2279.4785,0,0,0,,,,
,CALIFORNIA,,SITE_Q,SITE_Q-MAIN,A09-D-20,10048998,ROLLER,ROLLER,02 MED,16.9,7,EA,1,3,Above Max,4,118.3,48,8,1,,,,
,CALIFORNIA,,SITE_Q,SITE_Q-MAIN,A09-E-10,1115751,DRIVE,DRIVE,02 MED,1712.48,3,EA,1,2,Above Max,1,5137.44,0,0,0,,,,
,CALIFORNIA,,SITE_Q,SITE_Q-MAIN,A10-B-07,1067721,PULLEY,PULLEY,02 MED,3209.15,3,EA,1,2,Above Max,1,9627.45,0,0,0,,,,
,CALIFORNIA,,SITE_Q,SITE_Q-MAIN,A10-C-02,3036992,ROLLER,ROLLER,02 MED,44.604,2,EA,0,1,Above Max,1,89.208,0,0,0,,,,
,CALIFORNIA,,SITE_Q,SITE_Q-MAIN,A10-C-03,76593,SPROCKET,SPROCKET,01 HIGH,453.219,18,EA,3,4,Above Max,14,8157.942,18,2,1,,,,
,CALIFORNIA,,SITE_Q,SITE_Q-MAIN,A10-C-04,3037123,ROLLER,ROLLER,02 MED,37.834667,6,EA,1,3,Above Max,3,227.008002,0,0,0,,,,
,CALIFORNIA,,SITE_Q,SITE_Q-MAIN,A10-C-05,3056273,ROLLER,ROLLER,02 MED,1364.39,5,EA,0,1,Above Max,4,6821.95,0,0,0,,,,
,CALIFORNIA,,SITE_Q,SITE_Q-MAIN,A10-C-06,3037124,ROLLER,ROLLER,02 MED,31.2,8,EA,1,3,Above Max,5,249.6,0,0,0,,,,
,CALIFORNIA,,SITE_Q,SITE_Q-MAIN,A10-C-09,40542,SPROCKET,SPROCKET,02 MED,460.5994,10,EA,3,4,Above Max,6,4605.994,18,2,1,,,,
,CALIFORNIA,,SITE_Q,SITE_Q-MAIN,A12-A-01-D,1115747,ROLLER,ROLLER,03 LOW,119.7,2,EA,0,1,Above Max,1,239.4,67,67,2,,,,
,CALIFORNIA,,SITE_Q,SITE_Q-MAIN,A12-B-01,1062957,BELT,BELT,02 MED,4064.69,3,EA,1,2,Above Max,1,12194.07,0,0,0,,,,
,CALIFORNIA,,SITE_Q,SITE_Q-MAIN,A12-B-06,1067713,BELT,BELT,02 MED,715.66,4,EA,1,2,Above Max,2,2862.64,0,0,0,,,,
,CALIFORNIA,,SITE_Q,SITE_Q-MAIN,A12-C-04,10048997,ROLLER,ROLLER,02 MED,27.6,2,EA,0,1,Above Max,1,55.2,16,8,1,,,,
,CALIFORNIA,,SITE_Q,SITE_Q-MAIN,A12-D-06,3211316,GUARD,GUARD,03 LOW,19.59,20,EA,2,3,Above Max,17,391.8,0,0,0,,,,
,CALIFORNIA,,SITE_Q,SITE_Q-MAIN,A12-D-07,3211325,GUARD,GUARD,03 LOW,26.29,10,EA,2,3,Above Max,7,262.9,0,0,0,,,,
,CALIFORNIA,,SITE_Q,SITE_Q-MAIN,A12-D-08,3211322,GUARD,GUARD,03 LOW,10.26,10,EA,2,3,Above Max,7,102.6,0,0,0,,,,
,CALIFORNIA,,SITE_Q,SITE_Q-MAIN,A12-D-09,3211303,GUARD,GUARD,03 LOW,11.17,9,EA,2,3,Above Max,6,100.53,0,0,0,,,,
,CALIFORNIA,,SITE_Q,SITE_Q-MAIN,A12-D-10,3211304,GUARD,GUARD,03 LOW,17.52,10,EA,2,3,Above Max,7,175.2,0,0,0,,,,
,CALIFORNIA,,SITE_Q,SITE_Q-MAIN,A12-D-11,3211312,GUARD,GUARD,03 LOW,13.06,20,EA,2,3,Above Max,17,261.2,0,0,0,,,,
,CALIFORNIA,,SITE_Q,SITE_Q-MAIN,A12-D-12A,3211298,GUARD,GUARD,03 LOW,1.5,20,EA,2,3,Above Max,17,30,0,0,0,,,,
,CALIFORNIA,,SITE_Q,SITE_Q-MAIN,A12-D-12B,3211315,GUARD,GUARD,03 LOW,0.09,20,EA,2,3,Above Max,17,1.8,0,0,0,,,,
,CALIFORNIA,,SITE_Q,SITE_Q-MAIN,A12-D-12C,3211329,GUARD,GUARD,03 LOW,0.76,20,EA,2,3,Above Max,17,15.2,0,0,0,,,,
,CALIFORNIA,,SITE_Q,SITE_Q-MAIN,A13-A-02,3012849,WHEEL,WHEEL,03 LOW,10.66,720,EA,6,16,Above Max,704,7675.2,0,0,0,,,,
,CALIFORNIA,,SITE_Q,SITE_Q-MAIN,A29-A-02,86080Z,PWRSUPLY,PWRSUPLY,02 MED,967.62,3,EA,1,2,Above Max,1,2902.86,0,0,0,,,,
,CALIFORNIA,,SITE_Q,SITE_Q-MAIN,A30-B-01,41778,CABLE,CABLE,02 MED,15.6,7,EA,1,2,Above Max,5,109.2,0,0,0,,,,
,CALIFORNIA,,SITE_Q,SITE_Q-MAIN,A30-B-02,1059838,CARD,CARD,01 HIGH,47.44,4,EA,1,2,Above Max,2,189.76,0,0,0,,,,
,CALIFORNIA,,SITE_Q,SITE_Q-MAIN,A30-B-03,76009,CABLE,CABLE,03 LOW,25.9,5,EA,1,2,Above Max,3,129.5,0,0,0,,,,
,CALIFORNIA,,SITE_Q,SITE_Q-MAIN,A31-B-01,1067758,PULLEY,PULLEY,02 MED,8.5,9,EA,1,2,Above Max,7,76.5,0,0,0,,,,
,CALIFORNIA,,SITE_Q,SITE_Q-MAIN,A31-B-06,1066730,CONVEYOR,CONVEYOR,02 MED,69.563,6,EA,3,4,Above Max,2,417.378,0,0,0,,,,
,CALIFORNIA,,SITE_Q,SITE_Q-MAIN,A31-D-06,45398,BRACKET,BRACKET,03 LOW,7.36,12,EA,1,3,Above Max,9,88.32,88,22,2,,,,
,CALIFORNIA,,SITE_Q,SITE_Q-MAIN,A31-D-07,1059841,BRACKET,BRACKET,03 LOW,11.56,9,EA,3,4,Above Max,5,104.04,0,0,0,,,,
,CALIFORNIA,,SITE_Q,SITE_Q-MAIN,A31-E-01,43932,COVER,COVER,03 LOW,181.4,4,EA,1,2,Above Max,2,725.6,0,0,0,,,,
,CALIFORNIA,,SITE_Q,SITE_Q-MAIN,A31-E-05,1066752,BELT,BELT,02 MED,25.384,6,EA,1,2,Above Max,4,152.304,0,0,0,,,,
,CALIFORNIA,,SITE_Q,SITE_Q-MAIN,A31-F-05,1066736,CONVEYOR,CONVEYOR,02 MED,15.44,11,EA,0,1,Above Max,10,169.84,0,0,0,,,,
,CALIFORNIA,,SITE_Q,SITE_Q-MAIN,A31-F-07,1066742,BELT,BELT,02 MED,5.04,10,EA,2,7,Above Max,3,50.4,0,0,0,,,,
,CALIFORNIA,,SITE_Q,SITE_Q-MAIN,A31-F-10,10048995,BELT,BELT,02 MED,4,5,EA,1,3,Above Max,2,20,16,8,1,,,,
,CALIFORNIA,,SITE_Q,SITE_Q-MAIN,A31-G-04,45225,BRACKET,BRACKET,03 LOW,1.83,10,EA,1,3,Above Max,7,18.3,0,0,0,,,,
,CALIFORNIA,,SITE_Q,SITE_Q-MAIN,A31-H-10,N51787,FILTER,FILTER,02 MED,27.03,7,EA,1,2,Above Max,5,189.21,0,0,0,,,,
,CALIFORNIA,,SITE_Q,SITE_Q-MAIN,A31-I-04,72842,PLATE,PLATE,02 MED,8.33,10,EA,4,5,Above Max,5,83.3,0,0,0,,,,
,CALIFORNIA,,SITE_Q,SITE_Q-MAIN,A31-I-11,3001310,CLIP,CLIP,02 MED,1.67,6,EA,1,2,Above Max,4,10.02,0,0,0,,,,
,CALIFORNIA,,SITE_Q,SITE_Q-MAIN,A31-J-01,N54687,CLAMP,CLAMP,03 LOW,6.35,16,EA,2,3,Above Max,13,101.6,0,0,0,,,,
,CALIFORNIA,,SITE_Q,SITE_Q-MAIN,A31-J-05,N34577Z,CAP,CAP,02 MED,1.68,10,EA,2,3,Above Max,7,16.8,0,0,0,,,,
,CALIFORNIA,,SITE_Q,SITE_Q-MAIN,A33-A-01,86032Z,POWER,POWER,02 MED,522.42,4,EA,1,2,Above Max,2,2089.68,19,19,2,,,,
,CALIFORNIA,,SITE_Q,SITE_Q-MAIN,A33-A-02,86011Z,CARD,CARD,01 HIGH,116,13,EA,3,4,Above Max,9,1508,88,22,2,,,,
,CALIFORNIA,,SITE_Q,SITE_Q-MAIN,A33-E-02,1066690,SENSOR,SENSOR,02 MED,498.5378,3,EA,1,2,Above Max,1,1495.6134,0,0,0,,,,
,CALIFORNIA,,SITE_Q,SITE_Q-MAIN,A33-G-03,1069732,CONTACT,CONTACT,01 HIGH,145,7,EA,1,3,Above Max,4,1015,0,0,0,,,,
,CALIFORNIA,,SITE_Q,SITE_Q-MAIN,A34-B-03,1059839,CARD,CARD,01 HIGH,116,8,EA,1,2,Above Max,6,928,0,0,0,,,,
,CALIFORNIA,,SITE_Q,SITE_Q-MAIN,A34-J-01,62957,LIGHT,LIGHT,03 LOW,15.665,3,EA,1,2,Above Max,1,46.995,0,0,0,,,,
,CALIFORNIA,,SITE_Q,SITE_Q-MAIN,A34-J-02,1070739,BUTTON,BUTTON,03 LOW,25.61,3,EA,1,2,Above Max,1,76.83,0,0,0,,,,
,CALIFORNIA,,SITE_Q,SITE_Q-MAIN,A34-J-04,1004318,BUTTON,BUTTON,02 MED,30.23635,2,EA,0,1,Above Max,1,60.4727,0,0,0,,,,
,CALIFORNIA,,SITE_Q,SITE_Q-MAIN,A34-K-01,33389,LIGHT,LIGHT,03 LOW,10.72,3,EA,1,2,Above Max,1,32.16,0,0,0,,,,
,CALIFORNIA,,SITE_Q,SITE_Q-MAIN,A34-K-02,1000873,BUTTON,BUTTON,03 LOW,114.1,4,EA,0,1,Above Max,3,456.4,0,0,0,,,,
,CALIFORNIA,,SITE_Q,SITE_Q-MAIN,A35-C-06,1071389,CABLE,CABLE,02 MED,67.047933,3,EA,1,2,Above Max,1,201.143799,12,2,1,,,,
,CALIFORNIA,,SITE_Q,SITE_Q-MAIN,A35-F-04,1072447,LIGHT,LIGHT,02 MED,214.5765,4,EA,1,2,Above Max,2,858.306,0,0,0,,,,
,CALIFORNIA,,SITE_Q,SITE_Q-MAIN,A35-G-11,10049032,SENSOR,SENSOR,02 MED,549.853333,4,EA,2,3,Above Max,1,2199.413332,0,0,0,,,,
,CALIFORNIA,,SITE_Q,SITE_Q-MAIN,A35-H-09,3249158,PHOTOEYE,PHOTOEYE,02 MED,63.13,10,EA,2,3,Above Max,7,631.3,268,67,2,,,,
,CALIFORNIA,,SITE_Q,SITE_Q-MAIN,A35-I-08,1004329,RELAY,RELAY,03 LOW,16.2,2,EA,0,1,Above Max,1,32.4,0,0,0,,,,
,CALIFORNIA,,SITE_Q,SITE_Q-MAIN,A35-J-03,80739Z,ADAPTER,ADAPTER,02 MED,18.035,3,EA,1,2,Above Max,1,54.105,0,0,0,,,,
,CALIFORNIA,,SITE_Q,SITE_Q-MAIN,A35-J-08,N33140,DRIVE,DRIVE,02 MED,108.65,3,EA,0,1,Above Max,2,325.95,0,0,0,,,,
,CALIFORNIA,,SITE_R,SITE_R-MAIN,A01-A-02,3067597,FUSE,FUSE,01 HIGH,19.15,10,EA,1,2,Above Max,8,191.5,0,0,0,,,,
,CALIFORNIA,,SITE_R,SITE_R-MAIN,A01-B-18,3012848,PEDAL,PEDAL,03 LOW,8.1,103,EA,2,3,Above Max,100,834.3,0,0,0,,,,
,CALIFORNIA,,SITE_R,SITE_R-MAIN,A01-B-19,3012851,WHEEL,WHEEL,03 LOW,11.01,420,EA,2,3,Above Max,417,4624.2,0,0,0,,,,
,CALIFORNIA,,SITE_R,SITE_R-MAIN,A01-G-01,3241845,FITTING,FITTING,01 HIGH,8.060893,6,EA,1,2,Above Max,4,48.365358,0,0,0,,,,
,CALIFORNIA,,SITE_R,SITE_R-MAIN,A01-P-01,3241895,FUSE,FUSE,01 HIGH,22.277572,10,EA,1,2,Above Max,8,222.77572,0,0,0,,,,
,CALIFORNIA,,SITE_R,SITE_R-MAIN,A02-A-01,3067718,CABLE,CABLE,02 MED,183.92,3,EA,1,2,Above Max,1,551.76,0,0,0,,,,
,CALIFORNIA,,SITE_R,SITE_R-MAIN,A02-A-05,78592Z,CABLE,CABLE,03 LOW,8.458994,3,EA,1,2,Above Max,1,25.376982,0,0,0,,,,
,CALIFORNIA,,SITE_R,SITE_R-MAIN,A02-B-03,3067741,CONTROL,CONTROL,02 MED,929.47,2,EA,0,1,Above Max,1,1858.94,0,0,0,,,,
,CALIFORNIA,,SITE_R,SITE_R-MAIN,A02-C-02,3067645,KIT,KIT,03 LOW,121.14,2,EA,0,1,Above Max,1,242.28,0,0,0,,,,
,CALIFORNIA,,SITE_R,SITE_R-MAIN,A02-C-03,58540,CABLE,CABLE,03 LOW,20.19,8,EA,2,3,Above Max,5,161.52,0,0,0,,,,
,CALIFORNIA,,SITE_R,SITE_R-MAIN,A02-C-07,3067714,CABLE,CABLE,02 MED,118.005,2,EA,0,1,Above Max,1,236.01,0,0,0,,,,
,CALIFORNIA,,SITE_R,SITE_R-MAIN,A02-D-10,3067652,BUTTON,BUTTON,02 MED,210.11,5,EA,1,3,Above Max,2,1050.55,0,0,0,,,,
,CALIFORNIA,,SITE_R,SITE_R-MAIN,A02-D-13,3067697,BOLT,BOLT,02 MED,68.314466,12,EA,1,3,Above Max,9,819.773592,0,0,0,,,,
,CALIFORNIA,,SITE_R,SITE_R-MAIN,A02-E-03,1061375,SENSOR,SENSOR,03 LOW,28.07037,3,EA,1,2,Above Max,1,84.21111,0,0,0,,,,
,CALIFORNIA,,SITE_R,SITE_R-MAIN,A02-E-09,1071587,ORING,ORING,03 LOW,1.83,10,EA,2,3,Above Max,7,18.3,0,0,0,,,,
,CALIFORNIA,,SITE_R,SITE_R-MAIN,A02-E-10,3067705,ORING,ORING,02 MED,3.21,10,EA,2,4,Above Max,6,32.1,0,0,0,,,,
,CALIFORNIA,,SITE_R,SITE_R-MAIN,A02-E-17,3067805,SPOOL,SPOOL,03 LOW,10,4,EA,1,3,Above Max,1,40,0,0,0,,,,
,CALIFORNIA,,SITE_R,SITE_R-MAIN,A02-F-01,32955,FUSE,FUSE,03 LOW,5.9425,7,EA,1,3,Above Max,4,41.5975,0,0,0,,,,
,CALIFORNIA,,SITE_R,SITE_R-MAIN,A02-F-03,3241838,BELT,BELT,01 HIGH,259.080184,2,EA,0,1,Above Max,1,518.160368,0,0,0,,,,
,CALIFORNIA,,SITE_R,SITE_R-MAIN,A02-F-20,85856Z,BUSHING,BUSHING,02 MED,3.27,8,EA,2,3,Above Max,5,26.16,0,0,0,,,,
,CALIFORNIA,,SITE_R,SITE_R-MAIN,A02-G-05,1064004,ORING,ORING,01 HIGH,3.4,25,EA,1,2,Above Max,23,85,0,0,0,,,,
,CALIFORNIA,,SITE_R,SITE_R-MAIN,A02-G-11,3067768,NUT,NUT,03 LOW,0.02,10,EA,2,3,Above Max,7,0.2,0,0,0,,,,
,CALIFORNIA,,SITE_R,SITE_R-MAIN,A02-G-12,3067799,SCREW,SCREW,03 LOW,0.11,10,EA,2,7,Above Max,3,1.1,0,0,0,,,,
,CALIFORNIA,,SITE_R,SITE_R-MAIN,A02-G-19,3067659,CIRCUIT,CIRCUIT,03 LOW,118.95,2,EA,0,1,Above Max,1,237.9,0,0,0,,,,
,CALIFORNIA,,SITE_R,SITE_R-MAIN,A02-G-22,3067686,WASHER,WASHER,03 LOW,0.03,10,EA,2,3,Above Max,7,0.3,0,0,0,,,,
,CALIFORNIA,,SITE_R,SITE_R-MAIN,A02-I-06,10049042,CABLE,CABLE,02 MED,158,2,EA,0,1,Above Max,1,316,0,0,0,,,,
,CALIFORNIA,,SITE_R,SITE_R-MAIN,A03-O-02,3453697,FITTING,FITTING,01 HIGH,6.33,3,EA,1,2,Above Max,1,18.99,0,0,0,,,,
,CALIFORNIA,,SITE_R,SITE_R-MAIN,A04-J-01,1111160,SENSOR,SENSOR,02 MED,715.473757,2,EA,0,1,Above Max,1,1430.947514,0,0,0,,,,
,CALIFORNIA,,SITE_R,SITE_R-MAIN,A04-K-01,315792,BEARING,BEARING,02 MED,1.282901,4,EA,1,2,Above Max,2,5.131604,0,0,0,,,,
,CALIFORNIA,,SITE_R,SITE_R-MAIN,A04-O-01,3128171,BOLT,BOLT,02 MED,0.115889,10,EA,1,2,Above Max,8,1.15889,0,0,0,,,,
,CALIFORNIA,,SITE_R,SITE_R-MAIN,A04-O-02,3441125,HARDWARE,HARDWARE,02 MED,0.11,12,EA,1,2,Above Max,10,1.32,0,0,0,,,,
,CALIFORNIA,,SITE_R,SITE_R-MAIN,A05-D-03,3127985,BEARING,BEARING,02 MED,12.957298,4,EA,1,2,Above Max,2,51.829192,0,0,0,,,,
,CALIFORNIA,,SITE_R,SITE_R-MAIN,A05-I-06,86624Z,CORD,CORD,01 HIGH,17.810939,9,EA,2,3,Above Max,6,160.298451,0,0,0,,,,
,CALIFORNIA,,SITE_R,SITE_R-MAIN,A06-B-01,3241776,BEARING,BEARING,01 HIGH,9.621756,4,EA,1,2,Above Max,2,38.487024,0,0,0,,,,
,CALIFORNIA,,SITE_R,SITE_R-MAIN,A07-B-01,3266571,LIGHT,LIGHT,02 MED,36.374008,2,EA,0,1,Above Max,1,72.748016,0,0,0,,,,
,CALIFORNIA,,SITE_R,SITE_R-MAIN,A07-B-02,3249156,RECEPT,RECEPT,03 LOW,31.276667,3,EA,1,2,Above Max,1,93.830001,0,0,0,,,,
,CALIFORNIA,,SITE_R,SITE_R-MAIN,A07-C-01,3249173,LATCH,LATCH,03 LOW,6.731679,3,EA,1,2,Above Max,1,20.195037,0,0,0,,,,
,CALIFORNIA,,SITE_R,SITE_R-MAIN,A07-D-01,3249174,MOUNT,MOUNT,02 MED,20.311981,2,EA,0,1,Above Max,1,40.623962,0,0,0,,,,
,CALIFORNIA,,SITE_R,SITE_R-MAIN,A11-D-02,86602Z,CABLE,CABLE,01 HIGH,128.76,6,EA,0,1,Above Max,5,772.56,0,0,0,,,,
,CALIFORNIA,,SITE_R,SITE_R-MAIN,A16-A-08,3439020,GUIDE,GUIDE,01 HIGH,46.5,2,EA,0,1,Above Max,1,93,0,0,0,,,,
,CALIFORNIA,,SITE_R,SITE_R-MAIN,A17-B-02,3277422,TUBE,TUBE,02 MED,1.169428,50,EA,1,2,Above Max,48,58.4714,0,0,0,,,,
,CALIFORNIA,,SITE_R,SITE_R-MAIN,A17-C-03,41845Z,ROLLER,ROLLER,01 HIGH,17.56,4,EA,1,2,Above Max,2,70.24,570,10,1,,,,
,CALIFORNIA,,SITE_R,SITE_R-MAIN,A17-C-08,10049161,ROLLER,ROLLER,01 HIGH,22.55,2,EA,0,1,Above Max,1,45.1,0,0,0,,,,
,CALIFORNIA,,SITE_R,SITE_R-MAIN,A17-C-12,3241757,ROLLER,ROLLER,01 HIGH,21.809313,3,EA,1,2,Above Max,1,65.427939,0,0,0,,,,
,CALIFORNIA,,SITE_R,SITE_R-MAIN,A19-A-11,1060108,ROLLER,ROLLER,01 HIGH,12.54,3,EA,1,2,Above Max,1,37.62,0,0,0,,,,
,CALIFORNIA,,SITE_R,SITE_R-MAIN,A19-B-02,1068095,ROLLER,ROLLER,01 HIGH,55.1975,3,EA,1,2,Above Max,1,165.5925,0,0,0,,,,
,CALIFORNIA,,SITE_R,SITE_R-MAIN,A19-B-07,3067790,ROLLER,ROLLER,01 HIGH,15.56,3,EA,1,2,Above Max,1,46.68,0,0,0,,,,
,CALIFORNIA,,SITE_R,SITE_R-MAIN,A19-B-12,86550Z,ROLLER,ROLLER,01 HIGH,12.54,3,EA,1,2,Above Max,1,37.62,0,0,0,,,,
,CALIFORNIA,,SITE_R,SITE_R-MAIN,A19-B-17,3067788,ROLLER,ROLLER,02 MED,17.72,3,EA,1,2,Above Max,1,53.16,0,0,0,,,,
,CALIFORNIA,,SITE_R,SITE_R-MAIN,A19-C-03,15177,SWITCH,SWITCH,03 LOW,280.5,3,EA,0,2,Above Max,1,841.5,0,0,0,,,,
,CALIFORNIA,,SITE_R,SITE_R-MAIN,A19-C-04,3067810,LIGHT,LIGHT,02 MED,377,2,EA,0,1,Above Max,1,754,0,0,0,,,,
,CALIFORNIA,,SITE_R,SITE_R-MAIN,A19-C-12,1004241,ROLLER,ROLLER,01 HIGH,124,7,EA,1,3,Above Max,4,868,0,0,0,,,,
,CALIFORNIA,,SITE_R,SITE_R-MAIN,A19-C-14,10049125,BOLT,BOLT,03 LOW,2.32,10,EA,2,3,Above Max,7,23.2,0,0,0,,,,
,CALIFORNIA,,SITE_R,SITE_R-MAIN,B01-A-02,3262824,PULLEY,PULLEY,01 HIGH,67.8,2,EA,0,1,Above Max,1,135.6,0,0,0,,,,
,CALIFORNIA,,SITE_R,SITE_R-MAIN,B01-B-09,1116503,ROLLER,ROLLER,01 HIGH,22.57,3,EA,1,2,Above Max,1,67.71,0,0,0,,,,
,CALIFORNIA,,SITE_R,SITE_R-MAIN,B01-B-17,3241703,ROLLER,ROLLER,01 HIGH,21.509969,3,EA,1,2,Above Max,1,64.529907,0,0,0,,,,
,CALIFORNIA,,SITE_R,SITE_R-MAIN,B01-B-18,3241751,ROLLER,ROLLER,01 HIGH,21.509969,3,EA,1,2,Above Max,1,64.529907,0,0,0,,,,
,CALIFORNIA,,SITE_R,SITE_R-MAIN,B02-B-07,C-2526,FUSE,FUSE,02 MED,32.03,10,EA,2,3,Above Max,7,320.3,0,0,0,,,,
,CALIFORNIA,,SITE_R,SITE_R-MAIN,B02-D-08,3287306,ORING,ORING,03 LOW,4.67,4,EA,1,2,Above Max,2,18.68,0,0,0,,,,
,CALIFORNIA,,SITE_S,SITE_S-MAIN,*,3012848,PEDAL,PEDAL,03 LOW,8.1,35,EA,6,10,Above Max,25,283.5,0,0,0,,,,
,CALIFORNIA,,SITE_S,SITE_S-MAIN,A01-D-01,1064106,VALVE,VALVE,01 HIGH,124.521167,6,EA,1,2,Above Max,4,747.127002,6,1,1,,,,
,CALIFORNIA,,SITE_S,SITE_S-MAIN,A01-E-03,3039975,FITTING,FITTING,01 HIGH,11.99225,4,EA,1,2,Above Max,2,47.969,4,1,1,,,,
,CALIFORNIA,,SITE_S,SITE_S-MAIN,A01-E-05,61591,FITTING,FITTING,02 MED,5.181167,6,EA,1,2,Above Max,4,31.087002,0,0,0,,,,
,CALIFORNIA,,SITE_S,SITE_S-MAIN,A01-F-04,3037101,MOUNT,MOUNT,02 MED,62.6812,5,EA,1,2,Above Max,3,313.406,0,0,0,,,,
,CALIFORNIA,,SITE_S,SITE_S-MAIN,A01-L-01,3037100,PLUG,PLUG,02 MED,140.02,5,EA,1,2,Above Max,3,700.1,0,0,0,,,,
,CALIFORNIA,,SITE_S,SITE_S-MAIN,A01-L-02,3037099,SOCKET,SOCKET,01 HIGH,293.42075,4,EA,1,2,Above Max,2,1173.683,0,0,0,,,,
,CALIFORNIA,,SITE_S,SITE_S-MAIN,A02-C-01,3211303,GUARD,GUARD,02 MED,11.17,103,EA,1,2,Above Max,101,1150.51,0,0,0,,,,
,CALIFORNIA,,SITE_S,SITE_S-MAIN,A02-C-02,3211322,GUARD,GUARD,02 MED,10.26,28,EA,1,2,Above Max,26,287.28,0,0,0,,,,
,CALIFORNIA,,SITE_S,SITE_S-MAIN,A02-D-05,3114894,LED,LED,02 MED,31.11,71,EA,1,2,Above Max,69,2208.81,0,0,0,,,,
,CALIFORNIA,,SITE_S,SITE_S-MAIN,A03-B-04,3055629,MOUNT,MOUNT,03 LOW,50.73,4,EA,1,2,Above Max,2,202.92,0,0,0,,,,
,CALIFORNIA,,SITE_S,SITE_S-MAIN,A03-B-05,3037093,MOUNT,MOUNT,02 MED,48.0814,5,EA,1,2,Above Max,3,240.407,0,0,0,,,,
,CALIFORNIA,,SITE_S,SITE_S-MAIN,A05-E-03,3076983,ENCODER,ENCODER,01 HIGH,493.93,4,EA,1,2,Above Max,2,1975.72,0,0,0,,,,
,CALIFORNIA,,SITE_S,SITE_S-MAIN,A05-E-06,86034Z,ORING,ORING,03 LOW,1.66,10,EA,1,2,Above Max,8,16.6,0,0,0,,,,
,CALIFORNIA,,SITE_S,SITE_S-MAIN,A05-F-05,3001294,CASTER,CASTER,01 HIGH,42.67,4,EA,1,3,Above Max,1,170.68,0,0,0,,,,
,CALIFORNIA,,SITE_S,SITE_S-MAIN,A05-G-03,3001290,BRACKET,BRACKET,02 MED,36.54,8,EA,1,2,Above Max,6,292.32,0,0,0,,,,
,CALIFORNIA,,SITE_S,SITE_S-MAIN,A05-G-04,3001292,BRACKET,BRACKET,02 MED,36.54,5,EA,1,2,Above Max,3,182.7,0,0,0,,,,
,CALIFORNIA,,SITE_S,SITE_S-MAIN,A05-G-05,3399683,END CAP,END CAP,02 MED,1.51,6,EA,1,3,Above Max,3,9.06,0,0,0,,,,
,CALIFORNIA,,SITE_S,SITE_S-MAIN,A05-G-06,N34577Z,CAP,CAP,02 MED,1.68,20,EA,1,2,Above Max,18,33.6,0,0,0,,,,
,CALIFORNIA,,SITE_S,SITE_S-MAIN,A05-H-01,3399685,END CAP,END CAP,02 MED,1.9,4,EA,1,3,Above Max,1,7.6,0,0,0,,,,
,CALIFORNIA,,SITE_S,SITE_S-MAIN,A05-H-04,3001310,CLIP,CLIP,02 MED,1.67,12,EA,1,2,Above Max,10,20.04,0,0,0,,,,
,CALIFORNIA,,SITE_S,SITE_S-MAIN,A05-H-06,3001308,LABEL,LABEL,02 MED,3,20,EA,1,2,Above Max,18,60,0,0,0,,,,
,CALIFORNIA,,SITE_S,SITE_S-MAIN,A06-A-01,86039Z,ROLLER,ROLLER,02 MED,48.52,6,EA,1,2,Above Max,4,291.12,0,0,0,,,,
,CALIFORNIA,,SITE_S,SITE_S-MAIN,A06-A-02,86038Z,ROLLER,ROLLER,03 LOW,95.7,7,EA,1,2,Above Max,5,669.9,0,0,0,,,,
,CALIFORNIA,,SITE_S,SITE_S-MAIN,A06-A-03,86036Z,ROLLER,ROLLER,03 LOW,49.38,7,EA,1,2,Above Max,5,345.66,0,0,0,,,,
,CALIFORNIA,,SITE_S,SITE_S-MAIN,A06-A-04,N78560Z,ROLLER,ROLLER,03 LOW,19.15,8,EA,1,3,Above Max,5,153.2,0,0,0,,,,
,CALIFORNIA,,SITE_S,SITE_S-MAIN,A06-A-05,86037Z,ROLLER,ROLLER,03 LOW,89.66,12,EA,1,3,Above Max,9,1075.92,0,0,0,,,,
,CALIFORNIA,,SITE_S,SITE_S-MAIN,A06-A-06,86035Z,ROLLER,ROLLER,03 LOW,165.8,4,EA,1,2,Above Max,2,663.2,0,0,0,,,,
,CALIFORNIA,,SITE_S,SITE_S-MAIN,A06-A-08,1059842,ROLLER,ROLLER,03 LOW,87.92,7,EA,1,2,Above Max,5,615.44,0,0,0,,,,
,CALIFORNIA,,SITE_S,SITE_S-MAIN,A06-A-10,43479,ROLLER,ROLLER,01 HIGH,279,4,EA,2,3,Above Max,1,1116,0,0,0,,,,
,CALIFORNIA,,SITE_S,SITE_S-MAIN,A06-A-12,3154677,ROLLER,ROLLER,02 MED,78.25,5,EA,1,2,Above Max,3,391.25,0,0,0,,,,
,CALIFORNIA,,SITE_S,SITE_S-MAIN,A06-B-01,86009Z,ROLLER,ROLLER,01 HIGH,285.276,5,EA,1,2,Above Max,3,1426.38,28,7,1,,,,
,CALIFORNIA,,SITE_S,SITE_S-MAIN,A06-B-02,43480,ROLLER,ROLLER,01 HIGH,223.2,6,EA,1,2,Above Max,4,1339.2,0,0,0,,,,
,CALIFORNIA,,SITE_S,SITE_S-MAIN,A06-B-04,1059843,ROLLER,ROLLER,01 HIGH,306.683333,3,EA,1,2,Above Max,1,920.049999,0,0,0,,,,
,CALIFORNIA,,SITE_S,SITE_S-MAIN,A06-B-05,86010Z,ROLLER,ROLLER,01 HIGH,245.52,4,EA,1,2,Above Max,2,982.08,0,0,0,,,,
,CALIFORNIA,,SITE_S,SITE_S-MAIN,A06-B-06,56372,ROLLER,ROLLER,01 HIGH,161.04,6,EA,1,2,Above Max,4,966.24,0,0,0,,,,
,CALIFORNIA,,SITE_S,SITE_S-MAIN,A06-B-07,86016Z,ROLLER,ROLLER,02 MED,25.778,5,EA,1,2,Above Max,3,128.89,0,0,0,,,,
,CALIFORNIA,,SITE_S,SITE_S-MAIN,A06-C-01,N48935,CASTER,CASTER,03 LOW,47.68,7,EA,1,2,Above Max,5,333.76,0,0,0,,,,
,CALIFORNIA,,SITE_S,SITE_S-MAIN,A07-A-01,1059839,CARD,CARD,01 HIGH,116,11,EA,1,2,Above Max,9,1276,0,0,0,,,,
,CALIFORNIA,,SITE_S,SITE_S-MAIN,A07-A-03,86029Z,PLUG,PLUG,02 MED,30.21,5,EA,1,2,Above Max,3,151.05,0,0,0,,,,
,CALIFORNIA,,SITE_S,SITE_S-MAIN,A07-A-04,43201,BUTTON,BUTTON,01 HIGH,114.889332,5,EA,1,3,Above Max,2,574.44666,14,7,1,,,,
,CALIFORNIA,,SITE_S,SITE_S-MAIN,A07-A-05,86011Z,CARD,CARD,01 HIGH,116,13,EA,1,2,Above Max,11,1508,28,7,1,,,,
,CALIFORNIA,,SITE_S,SITE_S-MAIN,A07-A-06,45398,BRACKET,BRACKET,03 LOW,7.36,9,EA,1,2,Above Max,7,66.24,28,7,1,,,,
,CALIFORNIA,,SITE_S,SITE_S-MAIN,A07-A-07,1059841,BRACKET,BRACKET,03 LOW,11.56,10,EA,1,2,Above Max,8,115.6,0,0,0,,,,
,CALIFORNIA,,SITE_S,SITE_S-MAIN,A07-B-01,86021Z,BUSHING,BUSHING,03 LOW,2.74,5,EA,1,2,Above Max,3,13.7,0,0,0,,,,
,CALIFORNIA,,SITE_S,SITE_S-MAIN,A07-B-02,86024Z,SCREW,SCREW,03 LOW,4.2,5,EA,1,2,Above Max,3,21,0,0,0,,,,
,CALIFORNIA,,SITE_S,SITE_S-MAIN,A07-B-03,86023Z,NUT,NUT,03 LOW,0.36,8,EA,1,2,Above Max,6,2.88,0,0,0,,,,
,CALIFORNIA,,SITE_S,SITE_S-MAIN,A07-B-04,86022Z,WASHER,WASHER,03 LOW,0.16,8,EA,1,2,Above Max,6,1.28,0,0,0,,,,
,CALIFORNIA,,SITE_S,SITE_S-MAIN,A07-B-05,45225,BRACKET,BRACKET,03 LOW,2.56,11,EA,1,2,Above Max,9,28.16,0,0,0,,,,
,CALIFORNIA,,SITE_S,SITE_S-MAIN,A07-B-08,N35373Z,RESISTOR,RESISTOR,03 LOW,4.25,5,EA,1,2,Above Max,3,21.25,0,0,0,,,,
,CALIFORNIA,,SITE_S,SITE_S-MAIN,A07-C-01,1063152,CORD,CORD,03 LOW,77.68,5,EA,1,2,Above Max,3,388.4,0,0,0,,,,
,CALIFORNIA,,SITE_S,SITE_S-MAIN,A07-C-02,1059837,CARD,CARD,01 HIGH,47.44,4,EA,1,2,Above Max,2,189.76,0,0,0,,,,
,CALIFORNIA,,SITE_S,SITE_S-MAIN,A07-C-03,44771,CABLE,CABLE,01 HIGH,39.88,6,EA,1,2,Above Max,4,239.28,28,7,1,,,,
,CALIFORNIA,,SITE_S,SITE_S-MAIN,A07-C-05,1059840,CABLE,CABLE,03 LOW,41.56,5,EA,1,2,Above Max,3,207.8,0,0,0,,,,
,CALIFORNIA,,SITE_S,SITE_S-MAIN,A07-C-06,1060201,ASSEMBLY,ASSEMBLY,01 HIGH,509.46,4,EA,1,2,Above Max,2,2037.84,0,0,0,,,,
,CALIFORNIA,,SITE_S,SITE_S-MAIN,A07-D-03,1059838,CARD,CARD,03 LOW,47.44,5,EA,1,2,Above Max,3,237.2,0,0,0,,,,
,CALIFORNIA,,SITE_S,SITE_S-MAIN,A07-D-05,86032Z,POWER,POWER,02 MED,462.96,4,EA,1,2,Above Max,2,1851.84,0,0,0,,,,
,CALIFORNIA,,SITE_S,SITE_S-MAIN,A07-E-03,30019,FUSE,FUSE,02 MED,26.074,5,EA,1,2,Above Max,3,130.37,0,0,0,,,,
,CALIFORNIA,,SITE_S,SITE_S-MAIN,A07-E-04,N46960,BREAKER,BREAKER,03 LOW,21.64,4,EA,1,2,Above Max,2,86.56,0,0,0,,,,
,CALIFORNIA,,SITE_S,SITE_S-MAIN,A07-E-05,86083Z,RELAY,RELAY,01 HIGH,39.36,10,EA,1,2,Above Max,8,393.6,0,0,0,,,,
,CALIFORNIA,,SITE_S,SITE_S-MAIN,A07-E-07,92437,ELEC,ELEC,01 HIGH,46.4,12,EA,1,2,Above Max,10,556.8,0,0,0,,,,
,CALIFORNIA,,SITE_S,SITE_S-MAIN,A07-F-01,76009,CABLE,CABLE,02 MED,26.54,5,EA,1,2,Above Max,3,132.7,0,0,0,,,,
,CALIFORNIA,,SITE_S,SITE_S-MAIN,A07-F-02,93906,ELEC,ELEC,03 LOW,19.98,4,EA,1,2,Above Max,2,79.92,0,0,0,,,,
,CALIFORNIA,,SITE_S,SITE_S-MAIN,A07-F-03,1069730,CORD,CORD,01 HIGH,137.88,10,EA,1,2,Above Max,8,1378.8,0,0,0,,,,
,CALIFORNIA,,SITE_S,SITE_S-MAIN,A07-F-04,1069731,CONTACT,CONTACT,01 HIGH,371.92,4,EA,1,2,Above Max,2,1487.68,0,0,0,,,,
,CALIFORNIA,,SITE_S,SITE_S-MAIN,A07-F-05,1069732,CONTACT,CONTACT,01 HIGH,327.53,5,EA,1,2,Above Max,3,1637.65,0,0,0,,,,
,CALIFORNIA,,SITE_S,SITE_S-MAIN,A07-F-06,1069725,RELAY,RELAY,01 HIGH,88.02,12,EA,1,2,Above Max,10,1056.24,0,0,0,,,,
,CALIFORNIA,,SITE_S,SITE_S-MAIN,A08-A-04,1069727,FUSE,FUSE,01 HIGH,23.51,5,EA,1,2,Above Max,3,117.55,0,0,0,,,,
,CALIFORNIA,,SITE_S,SITE_S-MAIN,A08-A-09,1070056,CABLE,CABLE,01 HIGH,36.9,10,EA,1,2,Above Max,8,369,0,0,0,,,,
,CALIFORNIA,,SITE_S,SITE_S-MAIN,A08-C-01,86028Z,CORD,CORD,01 HIGH,80.42,12,EA,1,2,Above Max,10,965.04,0,0,0,,,,
,CALIFORNIA,,SITE_S,SITE_S-MAIN,A08-C-02,1070057,CONNECT,CONNECT,01 HIGH,56.23,10,EA,1,2,Above Max,8,562.3,0,0,0,,,,
,CALIFORNIA,,SITE_S,SITE_S-MAIN,A08-C-03,N46967,BREAKER,BREAKER,01 HIGH,137.78,4,EA,1,2,Above Max,2,551.12,0,0,0,,,,
,CALIFORNIA,,SITE_S,SITE_S-MAIN,A08-E-05,3249156,RECEPT,RECEPT,02 MED,63.98,4,EA,1,2,Above Max,2,255.92,20,20,2,,,,
,CALIFORNIA,,SITE_S,SITE_S-MAIN,A08-E-08,3249157,CORD,CORD,02 MED,37.84,5,EA,1,2,Above Max,3,189.2,40,20,2,,,,
,CALIFORNIA,,SITE_S,SITE_S-MAIN,A09-F-05,N23801,CORD,CORD,02 MED,130.5415,5,EA,1,2,Above Max,3,652.7075,0,0,0,,,,
,CALIFORNIA,,SITE_S,SITE_S-MAIN,A10-B-03,3114897,LED,LED,02 MED,19.9,10,EA,1,2,Above Max,8,199,0,0,0,,,,
,CALIFORNIA,,SITE_S,SITE_S-MAIN,A10-B-04,3114899,LED,LED,02 MED,5.97,12,EA,1,2,Above Max,10,71.64,0,0,0,,,,
,CALIFORNIA,,SITE_S,SITE_S-MAIN,A10-C-01,3114883,RECEIVER,RECEIVER,02 MED,102,5,EA,1,4,Above Max,1,510,0,0,0,,,,
,CALIFORNIA,,SITE_S,SITE_S-MAIN,A10-C-03,3114895,LED,LED,02 MED,16.33,51,EA,1,2,Above Max,49,832.83,0,0,0,,,,
,CALIFORNIA,,SITE_S,SITE_S-MAIN,A10-C-04,3114886,POWER,POWER,02 MED,67.63,4,EA,1,2,Above Max,2,270.52,0,0,0,,,,
,CALIFORNIA,,SITE_S,SITE_S-MAIN,A10-C-05,3114896,LED,LED,02 MED,7.77,88,EA,1,2,Above Max,86,683.76,0,0,0,,,,
,CALIFORNIA,,SITE_T,SITE_T-MAIN,*,3062436,TENSIONR,TENSIONR,03 LOW,293.223488,4,EA,0,1,Above Max,3,1172.893952,1,1,1,,,,
,CALIFORNIA,,SITE_T,SITE_T-MAIN,*,3249174,MOUNT,MOUNT,02 MED,23.2,2,EA,0,1,Above Max,1,46.4,50,50,2,,,,
,CALIFORNIA,,SITE_T,SITE_T-MAIN,*,728384,CABLE,CABLE,01 HIGH,181.18,3,EA,0,1,Above Max,2,543.54,0,0,0,,,,
,CALIFORNIA,,SITE_T,SITE_T-MAIN,A01-A-04,3241815,BEARING,BEARING,01 HIGH,67.479714,5,EA,1,2,Above Max,3,337.39857,0,0,0,,,,
,CALIFORNIA,,SITE_T,SITE_T-MAIN,A01-A-07,3241898,PWRSUPLY,PWRSUPLY,01 HIGH,510.593821,2,EA,0,1,Above Max,1,1021.187642,0,0,0,,,,
,CALIFORNIA,,SITE_T,SITE_T-MAIN,A01-B-08,3241775,BELT,BELT,01 HIGH,41.268115,5,EA,0,1,Above Max,4,206.340575,0,0,0,,,,
,CALIFORNIA,,SITE_T,SITE_T-MAIN,A01-B-12,3241853,BREAKER,BREAKER,01 HIGH,200,3,EA,0,1,Above Max,2,600,0,0,0,,,,
,CALIFORNIA,,SITE_T,SITE_T-MAIN,A01-C-02,3127985,BEARING,BEARING,01 HIGH,16.9873,4,EA,1,2,Above Max,2,67.9492,0,0,0,,,,
,CALIFORNIA,,SITE_T,SITE_T-MAIN,A01-C-12,3247825,ROLLER,ROLLER,01 HIGH,30.253514,2,EA,0,1,Above Max,1,60.507028,0,0,0,,,,
,CALIFORNIA,,SITE_T,SITE_T-MAIN,A01-D-03,3249165,MOUNT,MOUNT,02 MED,23.2,2,EA,0,1,Above Max,1,46.4,50,50,2,,,,
,CALIFORNIA,,SITE_T,SITE_T-MAIN,A01-D-07,3056253,MODULE,MODULE,02 MED,108.59,2,EA,0,1,Above Max,1,217.18,0,0,0,,,,
,CALIFORNIA,,SITE_T,SITE_T-MAIN,A01-D-10,1062088,LIGHT,LIGHT,02 MED,118.46,2,EA,0,1,Above Max,1,236.92,0,0,0,,,,
,CALIFORNIA,,SITE_T,SITE_T-MAIN,A01-D-14,1063245,SENSOR,SENSOR,01 HIGH,389.044,2,EA,0,1,Above Max,1,778.088,6,1,1,,,,
,CALIFORNIA,,SITE_T,SITE_T-MAIN,A01-D-19,3241916,FITTING,FITTING,01 HIGH,44.2,7,EA,1,4,Above Max,3,309.4,0,0,0,,,,
,CALIFORNIA,,SITE_T,SITE_T-MAIN,A01-E-03,3249173,LATCH,LATCH,02 MED,6.894,16,EA,0,1,Above Max,15,110.304,50,50,2,,,,
,CALIFORNIA,,SITE_T,SITE_T-MAIN,A01-E-06,73755,BUTTON,BUTTON,02 MED,17.865715,2,EA,0,1,Above Max,1,35.73143,50,50,2,,,,
,CALIFORNIA,,SITE_T,SITE_T-MAIN,A01-E-10,3266571,LIGHT,LIGHT,02 MED,40.361021,7,EA,0,1,Above Max,6,282.527147,50,50,2,,,,
,CALIFORNIA,,SITE_T,SITE_T-MAIN,A01-E-13,3028023,CABLE,CABLE,02 MED,243.15,2,EA,0,1,Above Max,1,486.3,0,0,0,,,,
,CALIFORNIA,,SITE_T,SITE_T-MAIN,A01-E-14,1112395,WIRE,WIRE,02 MED,30.348572,2,EA,0,1,Above Max,1,60.697144,50,50,2,,,,
,CALIFORNIA,,SITE_T,SITE_T-MAIN,A01-F-02,3241957,ROLLER,ROLLER,01 HIGH,77,2,EA,0,1,Above Max,1,154,0,0,0,,,,
,CALIFORNIA,,SITE_T,SITE_T-MAIN,A01-F-06,3037106,FITTING,FITTING,01 HIGH,18.217878,7,EA,2,4,Above Max,3,127.525146,0,0,0,,,,
,CALIFORNIA,,SITE_T,SITE_T-MAIN,A01-F-09,1064144,BELT,BELT,01 HIGH,24.396286,3,EA,0,1,Above Max,2,73.188858,0,0,0,,,,
,CALIFORNIA,,SITE_T,SITE_T-MAIN,A01-F-12,45361,BELT,BELT,01 HIGH,16.715429,4,EA,1,2,Above Max,2,66.861716,0,0,0,,,,
,CALIFORNIA,,SITE_T,SITE_T-MAIN,A01-F-13,3248279,BELT,BELT,01 HIGH,6.942857,2,EA,0,1,Above Max,1,13.885714,0,0,0,,,,
,CALIFORNIA,,SITE_T,SITE_T-MAIN,A01-F-14,3040639,BELT,BELT,01 HIGH,29.4464,27,EA,0,1,Above Max,26,795.0528,2,1,1,,,,
,CALIFORNIA,,SITE_T,SITE_T-MAIN,A01-G-01,3241907,BUSHING,BUSHING,01 HIGH,32.826186,5,EA,1,2,Above Max,3,164.13093,0,0,0,,,,
,CALIFORNIA,,SITE_T,SITE_T-MAIN,A01-G-02,3244662,BEARING,BEARING,01 HIGH,11.182857,5,EA,1,2,Above Max,3,55.914285,0,0,0,,,,
,CALIFORNIA,,SITE_T,SITE_T-MAIN,A01-G-09,3249158,PHOTOEYE,PHOTOEYE,02 MED,63.13,4,EA,1,2,Above Max,2,252.52,200,50,2,,,,
,CALIFORNIA,,SITE_T,SITE_T-MAIN,A01-G-12,3377912,CONNECT,CONNECT,02 MED,66.67,2,EA,0,1,Above Max,1,133.34,0,0,0,,,,
,CALIFORNIA,,SITE_T,SITE_T-MAIN,A02-A-09,3247903,PWRSUPLY,PWRSUPLY,01 HIGH,781.05,2,EA,0,1,Above Max,1,1562.1,0,0,0,,,,
,CALIFORNIA,,SITE_T,SITE_T-MAIN,A02-A-10,3241912,PULLEY,PULLEY,01 HIGH,39.114286,4,EA,1,2,Above Max,2,156.457144,0,0,0,,,,
,CALIFORNIA,,SITE_T,SITE_T-MAIN,A02-A-12,3241811,PIN,PIN,01 HIGH,39.86,5,EA,0,1,Above Max,4,199.3,0,0,0,,,,
,CALIFORNIA,,SITE_T,SITE_T-MAIN,A02-B-06,1067455,FUSE,FUSE,01 HIGH,57.984,16,EA,5,10,Above Max,6,927.744,0,0,0,,,,
,CALIFORNIA,,SITE_T,SITE_T-MAIN,A02-B-10,3377907,SWITCH,SWITCH,01 HIGH,351.504,4,EA,1,2,Above Max,2,1406.016,0,0,0,,,,
,CALIFORNIA,,SITE_T,SITE_T-MAIN,A02-B-12,3241903,TERMINAL,TERMINAL,01 HIGH,14.855,8,EA,1,4,Above Max,4,118.84,0,0,0,,,,
,CALIFORNIA,,SITE_T,SITE_T-MAIN,A02-C-09,3438673,SWITCH,SWITCH,01 HIGH,13.89,3,EA,1,2,Above Max,1,41.67,0,0,0,,,,
,CALIFORNIA,,SITE_T,SITE_T-MAIN,A02-D-01,N34637Z,PLATE,PLATE,03 LOW,14.72,2,EA,0,1,Above Max,1,29.44,102,51,2,,,,
,CALIFORNIA,,SITE_T,SITE_T-MAIN,A02-D-08,3351077,FUSE,FUSE,01 HIGH,42.428571,10,EA,1,3,Above Max,7,424.28571,0,0,0,,,,
,CALIFORNIA,,SITE_T,SITE_T-MAIN,A02-D-13,3438563,CIRCUIT,CIRCUIT,01 HIGH,110.15,4,EA,1,2,Above Max,2,440.6,0,0,0,,,,
,CALIFORNIA,,SITE_T,SITE_T-MAIN,A02-F-15,3438684,PLUG,PLUG,01 HIGH,16.63,5,EA,1,4,Above Max,1,83.15,0,0,0,,,,
,CALIFORNIA,,SITE_T,SITE_T-MAIN,A02-G-06,3438605,FASTENER,FASTENER,03 LOW,33.217275,3,EA,1,2,Above Max,1,99.651825,0,0,0,,,,
,CALIFORNIA,,SITE_T,SITE_T-MAIN,A03-B-02,3377930,ROLLER,ROLLER,01 HIGH,57.03,7,EA,1,4,Above Max,3,399.21,3060,51,2,,,,
,CALIFORNIA,,SITE_T,SITE_T-MAIN,A03-B-13,10048993,ROLLER,ROLLER,02 MED,7960.80275,2,EA,0,1,Above Max,1,15921.6055,0,0,0,,,,
,CALIFORNIA,,SITE_T,SITE_T-MAIN,A03-C-01,3377943,COVER,COVER,03 LOW,47.55,3,EA,1,2,Above Max,1,142.65,0,0,0,,,,
,CALIFORNIA,,SITE_T,SITE_T-MAIN,A03-C-09,3286289,PULLEY,PULLEY,02 MED,50.56,3,EA,1,2,Above Max,1,151.68,0,0,0,,,,
,CALIFORNIA,,SITE_T,SITE_T-MAIN,A04-A-01,3248449,ROLLER,ROLLER,01 HIGH,459.628571,4,EA,1,2,Above Max,2,1838.514284,0,0,0,,,,
,CALIFORNIA,,SITE_T,SITE_T-MAIN,A04-A-03,3247961,ROLLER,ROLLER,01 HIGH,524.668829,3,EA,1,2,Above Max,1,1574.006487,0,0,0,,,,
,CALIFORNIA,,SITE_T,SITE_T-MAIN,A04-A-08,3248107,PULLEY,PULLEY,01 HIGH,1015.285714,2,EA,0,1,Above Max,1,2030.571428,0,0,0,,,,
,CALIFORNIA,,SITE_T,SITE_T-MAIN,A04-A-11,3247981,BELT,BELT,01 HIGH,753.955171,2,EA,0,1,Above Max,1,1507.910342,0,0,0,,,,
,CALIFORNIA,,SITE_T,SITE_T-MAIN,A04-B-05,3247838,ROLLER,ROLLER,01 HIGH,31.232429,2,EA,0,1,Above Max,1,62.464858,0,0,0,,,,
,CALIFORNIA,,SITE_T,SITE_T-MAIN,A04-B-21,3248181,MOUNT,MOUNT,03 LOW,0.228571,112,IN,8,78,Above Max,34,25.599952,0,0,0,,,,
,CALIFORNIA,,SITE_T,SITE_T-MAIN,A04-B-22,3248500,ROLLER,ROLLER,01 HIGH,40.040057,6,EA,1,3,Above Max,3,240.240342,0,0,0,,,,
,CALIFORNIA,,SITE_T,SITE_T-MAIN,A04-C-03,3241843,ROLLER,ROLLER,01 HIGH,35.777371,2,EA,0,1,Above Max,1,71.554742,0,0,0,,,,
,CALIFORNIA,,SITE_T,SITE_T-MAIN,A04-C-04,3241745,ROLLER,ROLLER,01 HIGH,34.801057,2,EA,0,1,Above Max,1,69.602114,0,0,0,,,,
,CALIFORNIA,,SITE_T,SITE_T-MAIN,A04-C-05,3241863,ROLLER,ROLLER,01 HIGH,36.587971,2,EA,0,1,Above Max,1,73.175942,0,0,0,,,,
,CALIFORNIA,,SITE_T,SITE_T-MAIN,A04-C-06,3241725,ROLLER,ROLLER,01 HIGH,36.758886,2,EA,0,1,Above Max,1,73.517772,0,0,0,,,,
,CALIFORNIA,,SITE_T,SITE_T-MAIN,A04-C-08,3241976,ROLLER,ROLLER,01 HIGH,126.425486,2,EA,0,1,Above Max,1,252.850972,0,0,0,,,,
,CALIFORNIA,,SITE_T,SITE_T-MAIN,A04-C-14,3241876,ROLLER,ROLLER,01 HIGH,36.127,2,EA,0,1,Above Max,1,72.254,0,0,0,,,,
,CALIFORNIA,,SITE_T,SITE_T-MAIN,A04-D-07,3241804,SLIDE,SLIDE,01 HIGH,278.29,2,EA,0,1,Above Max,1,556.58,0,0,0,,,,
,CALIFORNIA,,SITE_T,SITE_T-MAIN,A04-D-11,3241868,TRACK,TRACK,02 MED,59.619435,2,EA,0,1,Above Max,1,119.23887,0,0,0,,,,
,CALIFORNIA,,SITE_T,SITE_T-MAIN,A05-B-02,N19013,VFD,VFD,01 HIGH,3004.59,3,EA,1,2,Above Max,1,9013.77,0,0,0,,,,
,CALIFORNIA,,SITE_T,SITE_T-MAIN,A05-C-01,3241878,MOTOR,MOTOR,01 HIGH,400,2,EA,0,1,Above Max,1,800,0,0,0,,,,
,CALIFORNIA,,SITE_T,SITE_T-MAIN,A06-C-03,10049019,SWITCH,SWITCH,01 HIGH,8711.73,3,EA,0,1,Above Max,2,26135.19,0,0,0,,,,
,CALIFORNIA,,SITE_T,SITE_T-MAIN,A07-C-03,1065743,BEARING,BEARING,01 HIGH,312.1725,4,EA,1,2,Above Max,2,1248.69,0,0,0,,,,
,CALIFORNIA,,SITE_T,SITE_T-MAIN,A07-D-04,3377900,MODULE,MODULE,01 HIGH,704.17,2,EA,0,1,Above Max,1,1408.34,0,0,0,,,,
,CALIFORNIA,,SITE_T,SITE_T-MAIN,A08-J-02,3441216,HARDWARE,HARDWARE,03 LOW,0.060914,10,EA,1,2,Above Max,8,0.60914,0,0,0,,,,
,CALIFORNIA,,SITE_T,SITE_T-MAIN,A08-P-02,3241746,SPRING,SPRING,02 MED,60.390604,4,EA,1,2,Above Max,2,241.562416,0,0,0,,,,
,CALIFORNIA,,SITE_T,SITE_T-MAIN,A09-A-03,1000110,HOLDER,HOLDER,01 HIGH,88.571429,10,EA,0,1,Above Max,9,885.71429,0,0,0,,,,
,CALIFORNIA,,SITE_T,SITE_T-MAIN,A09-B-07,3128171,BOLT,BOLT,03 LOW,1.287514,26,EA,3,25,Above Max,1,33.475364,0,0,0,,,,
,CALIFORNIA,,SITE_T,SITE_T-MAIN,A09-C-06,3128179,CABLE,CABLE,01 HIGH,702.35,2,EA,0,1,Above Max,1,1404.7,1,1,1,,,,
,CALIFORNIA,,SITE_T,SITE_T-MAIN,A09-C-08,3128181,CABLE,CABLE,01 HIGH,655.93,2,EA,0,1,Above Max,1,1311.86,1,1,1,,,,
,CALIFORNIA,,SITE_T,SITE_T-MAIN,A09-D-03,1125755,PHOTOEYE,PHOTOEYE,01 HIGH,1314.99,3,EA,0,1,Above Max,2,3944.97,16,1,1,,,,
,CALIFORNIA,,SITE_T,SITE_T-MAIN,A09-D-04,10048973,CABLE,CABLE,02 MED,149.6,2,EA,0,1,Above Max,1,299.2,1,1,1,,,,
,CALIFORNIA,,SITE_T,SITE_T-MAIN,A09-E-04,3022288,MECH,MECH,03 LOW,5.7566,15,EA,1,2,Above Max,13,86.349,0,0,0,,,,
,CALIFORNIA,,SITE_T,SITE_T-MAIN,A10-A-01,3248278,CONNECT,CONNECT,01 HIGH,80.885714,3,EA,1,2,Above Max,1,242.657142,0,0,0,,,,
,CALIFORNIA,,SITE_T,SITE_T-MAIN,A10-B-01,3241961,CONTACT,CONTACT,02 MED,17.571429,6,EA,1,4,Above Max,2,105.428574,0,0,0,,,,
,CALIFORNIA,,SITE_T,SITE_T-MAIN,A10-E-02,12383,LIGHT,LIGHT,01 HIGH,11.4,2,EA,0,1,Above Max,1,22.8,0,0,0,,,,
,CALIFORNIA,,SITE_T,SITE_T-MAIN,A10-F-02,3438620,CABLE,CABLE,01 HIGH,91.189,2,EA,0,1,Above Max,1,182.378,0,0,0,,,,
,CALIFORNIA,,SITE_T,SITE_T-MAIN,A10-H-02,1071887,SWITCH,SWITCH,01 HIGH,13.29,2,EA,0,1,Above Max,1,26.58,0,0,0,,,,
,CALIFORNIA,,SITE_T,SITE_T-MAIN,A10-I-01,3438571,CONNECT,CONNECT,03 LOW,2.556,8,EA,1,4,Above Max,4,20.448,0,0,0,,,,
,CALIFORNIA,,SITE_T,SITE_T-MAIN,A10-L-01,3241895,FUSE,FUSE,01 HIGH,30.657143,11,EA,1,2,Above Max,9,337.228573,0,0,0,,,,
,CALIFORNIA,,SITE_T,SITE_T-MAIN,A10-M-01,3341263,BREAKER,BREAKER,01 HIGH,188.830715,3,EA,1,2,Above Max,1,566.492145,0,0,0,,,,
,CALIFORNIA,,SITE_T,SITE_T-MAIN,A10-N-02,1125754,SENSOR,SENSOR,02 MED,117.162443,3,EA,0,1,Above Max,2,351.487329,24,1,1,,,,
,CALIFORNIA,,SITE_T,SITE_T-MAIN,A10-O-02,3128131,COLLAR,COLLAR,02 MED,0.879895,11,EA,0,1,Above Max,10,9.678845,0,0,0,,,,
,CALIFORNIA,,SITE_T,SITE_T-MAIN,A10-Q-01,3241774,BREAKER,BREAKER,01 HIGH,49.6,2,EA,0,1,Above Max,1,99.2,0,0,0,,,,
,CALIFORNIA,,SITE_T,SITE_T-MAIN,A12-I-02,24628,FAN,FAN,02 MED,309.435683,2,EA,0,1,Above Max,1,618.871366,0,0,0,,,,
,CALIFORNIA,,SITE_T,SITE_T-MAIN,A14-A-01,3316658,BELT,BELT,02 MED,198.07,2,EA,0,1,Above Max,1,396.14,50,50,2,,,,
,CALIFORNIA,,SITE_T,SITE_T-MAIN,A14-A-04,1115746,ROLLER,ROLLER,02 MED,96.26,2,EA,0,1,Above Max,1,192.52,50,50,2,,,,
